Name,link,store,price
15% off select SSDs @Newegg Samsung 980 NVMe SSD $93.49; 500GB / $51; 2TB 870 QVO / $156AC; 8TB/ $595 and more,https://slickdeals.net/f/15216322-15-off-select-ssds-newegg-samsung-980-nvme-ssd-93-49-500gb-51-2tb-870-qvo-156ac-8tb-595-and-more,Newegg,$93.49
Alienware Aurora R12 Gaming Desktop $1896.4,https://slickdeals.net/f/15216613-alienware-aurora-r12-gaming-desktop-1896-4,Dell Home & Office,"$1,896.40"
"Nitro 5 Gaming Laptop  - 15.6"" FHD 144Hz IPS, Ryzen 7 5800H, RTX 3070, 16GB DDR4, 512 Gb SSD, Win10H @ $1349.99",https://slickdeals.net/f/15215611-nitro-5-gaming-laptop-15-6-fhd-144hz-ips-ryzen-7-5800h-rtx-3070-16gb-ddr4-512-gb-ssd-win10h-1349-99,Acer,"$1,349.99"
"Samsung EDU: Galaxy Book Pro 15.6"" Laptop: i5-1135G7, 8GB RAM, 512GB SSD & More",https://slickdeals.net/f/15215623-edu-only-amoled-samsung-galaxy-book-pro-laptop-15-i5-8gb-ram-512-ssd-silver-free-galaxy-buds-pro-headphones-664-99,Samsung,$665
"Recycle Any Storage Device, Get Select Western Digital & SanDisk Storage Devices",https://slickdeals.net/f/15214777-best-buy-recycle-any-storage-device-get-15-off-select-western-digital-and-sandisk-storage-devices,Best Buy,15% Off
"Costco: Logitech Precision Pro Wireless Mouse (M720 Triathlon) $25, $19.99 + $4.99 Shipping",https://slickdeals.net/f/15215284-costco-logitech-precision-pro-wireless-mouse-m720-triathlon-25-19-99-4-99-shipping,Costco Wholesale,$19.99
32GB (2x16GB) G.SKILL Ripjaws Series 3200 MHz  DDR4 SO-DIMM Laptop Memory - $120 @ Newegg,https://slickdeals.net/f/15215026-32gb-2x16gb-g-skill-ripjaws-series-3200-mhz-ddr4-so-dimm-laptop-memory-120-newegg,Newegg,$119.99
32GB (2x 16) G.SKILL Trident Z RGB (For AMD)  DDR4 3200 Desktop RAM kit @Newegg $151,https://slickdeals.net/f/15216415-32gb-2x-16-g-skill-trident-z-rgb-for-amd-ddr4-3200-desktop-ram-kit-newegg-151,Newegg,$151
32GB (2x 16) Team T-Force Delta RGB DDR4 3200 Desktop RAM Kit @Newegg $130,https://slickdeals.net/f/15216409-32gb-2x-16-team-t-force-delta-rgb-ddr4-3200-desktop-ram-kit-newegg-130,Newegg,$130
ASUS PCE-AC56 and ASUS PCE-AC68 Wireless PCI-E Adapter (Newegg) ($22.99 After MIR),https://slickdeals.net/f/15216394-asus-pce-ac56-and-asus-pce-ac68-wireless-pci-e-adapter-newegg-22-99-after-mir,,$22.99
16GB (2x 8)Team Elite DDR4 3200 SO-DIMM Laptop RAM kit @Newegg $65,https://slickdeals.net/f/15216331-16gb-2x-8-team-elite-ddr4-3200-so-dimm-laptop-ram-kit-newegg-65,Newegg,$65
"TEAMGROUP MP33 PRO 1TB M.2 PCIe 3.0x4 NVMe 2280 Internal SSD, R/W: 2100/1800 MB/S @ $90.99 + F/S",https://slickdeals.net/f/15216301-teamgroup-mp33-pro-1tb-m-2-pcie-3-0x4-nvme-2280-internal-ssd-r-w-2100-1800-mb-s-90-99-f-s,Amazon,$90.99
"*Price Drop!* Open Box Monoprice Monitors: 27"" Vivid 4K 60Hz 100% sRGB $229.99 or 27"" CrystalPro 4K 60Hz IPS $209.99, 32"" Ultra Slim 4K 60Hz $199.99 + Free Shipping via Monoprice",https://slickdeals.net/f/15216310-price-drop-open-box-monoprice-monitors-27-vivid-4k-60hz-100-srgb-229-99-or-27-crystalpro-4k-60hz-ips-209-99-32-ultra-slim-4k-60hz-199-99-free-shipping-via-monoprice,Monoprice,$199.99
Xpg Gammix S11 Pro Series: 2tb M.2 2280 Nvme 3d Nand Gen3 Gaming Internal Ssd : Target $219.99,https://slickdeals.net/f/15216010-xpg-gammix-s11-pro-series-2tb-m-2-2280-nvme-3d-nand-gen3-gaming-internal-ssd-target-219-99,Target,$219.99
"Acer Aspire 5 A515-46: 15.6"" FHD IPS, Ryzen 3 3350U 4 Core, 4GB DDR4, 128GB PCIe SSD, Wi-Fi 6, Win10H @ $337.36 + F/S",https://slickdeals.net/f/15216229-acer-aspire-5-a515-46-15-6-fhd-ips-ryzen-3-3350u-4-core-4gb-ddr4-128gb-pcie-ssd-wi-fi-6-win10h-337-36-f-s,Amazon,$337.36
2TB Sabrent Rocket 4 Plus NVMe 4.0 Gen4 SSD $357.19 AC@Newegg   1TB / $180 AC,https://slickdeals.net/f/15216166-2tb-sabrent-rocket-4-plus-nvme-4-0-gen4-ssd-357-19-ac-newegg-1tb-180-ac,Newegg,$357.19
Intel Core i7-9700K Coffee Lake 3.6GHz Eight-Core LGA 1151 Boxed Processor - Heatsink Not Included - Micro Center - $199.99,https://slickdeals.net/f/15216148-intel-core-i7-9700k-coffee-lake-3-6ghz-eight-core-lga-1151-boxed-processor-heatsink-not-included-micro-center-199-99,Micro Center,$199.99
34” Deco Gear 3440x1440 144Hz Curved Ultrawide VA Monitor $325 + free s/h at Deco Gear,https://slickdeals.net/f/15214987-34-deco-gear-3440x1440-144hz-curved-ultrawide-va-monitor-325-free-s-h-at-deco-gear,Deco Gear,$325
"Dell Inspiron 5515 Touch Laptop [AMD Ryzen 5 5500U, 16GB RAM, 1TB PCIe SSD] for $789.00 w/ Free Shipping",https://slickdeals.net/f/15215677-dell-inspiron-5515-touch-laptop-amd-ryzen-5-5500u-16gb-ram-1tb-pcie-ssd-for-789-00-w-free-shipping,Newegg,$789
"Eluktronics MANIX 2TB Ultra Performance Series PCIe NVMe 4.0 x 4 M.2 2280 SSD (Read/Write Speed up to 4,800MB/s and 3,600MB/s) for $229.99 w/ Free Shipping",https://slickdeals.net/f/15214819-eluktronics-manix-2tb-ultra-performance-series-pcie-nvme-4-0-x-4-m-2-2280-ssd-read-write-speed-up-to-4-800mb-s-and-3-600mb-s-for-229-99-w-free-shipping,Newegg,$229.99
AMD Ryzen 9 5950X Vermeer 3.4GHz 16-Core AM4 Boxed Processor - Microcenter BM - $719,https://slickdeals.net/f/15216016-amd-ryzen-9-5950x-vermeer-3-4ghz-16-core-am4-boxed-processor-microcenter-bm-719,Micro Center,$719.99
"Govee Smart Plug(4 Pack) Bluetooth & WiFi Outlet Works with Alexa Google Assistant, 15A 1800W with 24 Timer Schedule & Group Remote Controller- $16.99 + FS w/ Prime",https://slickdeals.net/f/15215719-govee-smart-plug-4-pack-bluetooth-wifi-outlet-works-with-alexa-google-assistant-15a-1800w-with-24-timer-schedule-group-remote-controller-16-99-fs-w-prime,Amazon,$16.99
Macbook Pro 16GB 1TB SSD Intel I5 Latest Model $1499 with Student Deals,https://slickdeals.net/f/15214699-macbook-pro-16gb-1tb-ssd-intel-i5-latest-model-1499-with-student-deals,Best Buy,"$1,499"
"YMMV ASUS C423 14"" Celeron 4GB/64GB Chromebook @walmart $59",https://slickdeals.net/f/15213964-ymmv-asus-c423-14-celeron-4gb-64gb-chromebook-walmart-59,Walmart,$59
Neewer NL-288 LED Panel Desktop Kit - $144.89 + Free Shipping,https://slickdeals.net/f/15215038-neewer-nl-288-led-panel-desktop-kit-144-89-free-shipping,Amazon,$144.89
DeepCool Castle 280EX AIO CPU Liquid Cooler - Amazon Lightning Deal - $89.99,https://slickdeals.net/f/15215350-deepcool-castle-280ex-aio-cpu-liquid-cooler-amazon-lightning-deal-89-99,Amazon,$89.99
OLOy WarHawk RGB 16GB (2 x 8GB) 288-Pin DDR4 SDRAM DDR4 4000 (PC4 32000) Desktop RAM for $89.99 w/ Free Shipping,https://slickdeals.net/f/15214852-oloy-warhawk-rgb-16gb-2-x-8gb-288-pin-ddr4-sdram-ddr4-4000-pc4-32000-desktop-ram-for-89-99-w-free-shipping,Newegg,$89.99
650W EVGA SuperNOVA 650 G+ 80 Plus Gold Modular Power Supply @Amazon $50,https://slickdeals.net/f/15214132-650w-evga-supernova-650-g-80-plus-gold-modular-power-supply-amazon-50,Amazon,$49.99
Name,link,store,price
15% off select SSDs @Newegg Samsung 980 NVMe SSD $93.49; 500GB / $51; 2TB 870 QVO / $156AC; 8TB/ $595 and more,https://slickdeals.net/f/15216322-15-off-select-ssds-newegg-samsung-980-nvme-ssd-93-49-500gb-51-2tb-870-qvo-156ac-8tb-595-and-more,Newegg,$93.49
Alienware Aurora R12 Gaming Desktop $1896.4,https://slickdeals.net/f/15216613-alienware-aurora-r12-gaming-desktop-1896-4,Dell Home & Office,"$1,896.40"
"Nitro 5 Gaming Laptop  - 15.6"" FHD 144Hz IPS, Ryzen 7 5800H, RTX 3070, 16GB DDR4, 512 Gb SSD, Win10H @ $1349.99",https://slickdeals.net/f/15215611-nitro-5-gaming-laptop-15-6-fhd-144hz-ips-ryzen-7-5800h-rtx-3070-16gb-ddr4-512-gb-ssd-win10h-1349-99,Acer,"$1,349.99"
"Samsung EDU: Galaxy Book Pro 15.6"" Laptop: i5-1135G7, 8GB RAM, 512GB SSD & More",https://slickdeals.net/f/15215623-edu-only-amoled-samsung-galaxy-book-pro-laptop-15-i5-8gb-ram-512-ssd-silver-free-galaxy-buds-pro-headphones-664-99,Samsung,$665
"Recycle Any Storage Device, Get Select Western Digital & SanDisk Storage Devices",https://slickdeals.net/f/15214777-best-buy-recycle-any-storage-device-get-15-off-select-western-digital-and-sandisk-storage-devices,Best Buy,15% Off
"Costco: Logitech Precision Pro Wireless Mouse (M720 Triathlon) $25, $19.99 + $4.99 Shipping",https://slickdeals.net/f/15215284-costco-logitech-precision-pro-wireless-mouse-m720-triathlon-25-19-99-4-99-shipping,Costco Wholesale,$19.99
32GB (2x16GB) G.SKILL Ripjaws Series 3200 MHz  DDR4 SO-DIMM Laptop Memory - $120 @ Newegg,https://slickdeals.net/f/15215026-32gb-2x16gb-g-skill-ripjaws-series-3200-mhz-ddr4-so-dimm-laptop-memory-120-newegg,Newegg,$119.99
32GB (2x 16) G.SKILL Trident Z RGB (For AMD)  DDR4 3200 Desktop RAM kit @Newegg $151,https://slickdeals.net/f/15216415-32gb-2x-16-g-skill-trident-z-rgb-for-amd-ddr4-3200-desktop-ram-kit-newegg-151,Newegg,$151
32GB (2x 16) Team T-Force Delta RGB DDR4 3200 Desktop RAM Kit @Newegg $130,https://slickdeals.net/f/15216409-32gb-2x-16-team-t-force-delta-rgb-ddr4-3200-desktop-ram-kit-newegg-130,Newegg,$130
ASUS PCE-AC56 and ASUS PCE-AC68 Wireless PCI-E Adapter (Newegg) ($22.99 After MIR),https://slickdeals.net/f/15216394-asus-pce-ac56-and-asus-pce-ac68-wireless-pci-e-adapter-newegg-22-99-after-mir,,$22.99
16GB (2x 8)Team Elite DDR4 3200 SO-DIMM Laptop RAM kit @Newegg $65,https://slickdeals.net/f/15216331-16gb-2x-8-team-elite-ddr4-3200-so-dimm-laptop-ram-kit-newegg-65,Newegg,$65
"TEAMGROUP MP33 PRO 1TB M.2 PCIe 3.0x4 NVMe 2280 Internal SSD, R/W: 2100/1800 MB/S @ $90.99 + F/S",https://slickdeals.net/f/15216301-teamgroup-mp33-pro-1tb-m-2-pcie-3-0x4-nvme-2280-internal-ssd-r-w-2100-1800-mb-s-90-99-f-s,Amazon,$90.99
"*Price Drop!* Open Box Monoprice Monitors: 27"" Vivid 4K 60Hz 100% sRGB $229.99 or 27"" CrystalPro 4K 60Hz IPS $209.99, 32"" Ultra Slim 4K 60Hz $199.99 + Free Shipping via Monoprice",https://slickdeals.net/f/15216310-price-drop-open-box-monoprice-monitors-27-vivid-4k-60hz-100-srgb-229-99-or-27-crystalpro-4k-60hz-ips-209-99-32-ultra-slim-4k-60hz-199-99-free-shipping-via-monoprice,Monoprice,$199.99
Xpg Gammix S11 Pro Series: 2tb M.2 2280 Nvme 3d Nand Gen3 Gaming Internal Ssd : Target $219.99,https://slickdeals.net/f/15216010-xpg-gammix-s11-pro-series-2tb-m-2-2280-nvme-3d-nand-gen3-gaming-internal-ssd-target-219-99,Target,$219.99
"Acer Aspire 5 A515-46: 15.6"" FHD IPS, Ryzen 3 3350U 4 Core, 4GB DDR4, 128GB PCIe SSD, Wi-Fi 6, Win10H @ $337.36 + F/S",https://slickdeals.net/f/15216229-acer-aspire-5-a515-46-15-6-fhd-ips-ryzen-3-3350u-4-core-4gb-ddr4-128gb-pcie-ssd-wi-fi-6-win10h-337-36-f-s,Amazon,$337.36
2TB Sabrent Rocket 4 Plus NVMe 4.0 Gen4 SSD $357.19 AC@Newegg   1TB / $180 AC,https://slickdeals.net/f/15216166-2tb-sabrent-rocket-4-plus-nvme-4-0-gen4-ssd-357-19-ac-newegg-1tb-180-ac,Newegg,$357.19
Intel Core i7-9700K Coffee Lake 3.6GHz Eight-Core LGA 1151 Boxed Processor - Heatsink Not Included - Micro Center - $199.99,https://slickdeals.net/f/15216148-intel-core-i7-9700k-coffee-lake-3-6ghz-eight-core-lga-1151-boxed-processor-heatsink-not-included-micro-center-199-99,Micro Center,$199.99
34” Deco Gear 3440x1440 144Hz Curved Ultrawide VA Monitor $325 + free s/h at Deco Gear,https://slickdeals.net/f/15214987-34-deco-gear-3440x1440-144hz-curved-ultrawide-va-monitor-325-free-s-h-at-deco-gear,Deco Gear,$325
"Dell Inspiron 5515 Touch Laptop [AMD Ryzen 5 5500U, 16GB RAM, 1TB PCIe SSD] for $789.00 w/ Free Shipping",https://slickdeals.net/f/15215677-dell-inspiron-5515-touch-laptop-amd-ryzen-5-5500u-16gb-ram-1tb-pcie-ssd-for-789-00-w-free-shipping,Newegg,$789
"Eluktronics MANIX 2TB Ultra Performance Series PCIe NVMe 4.0 x 4 M.2 2280 SSD (Read/Write Speed up to 4,800MB/s and 3,600MB/s) for $229.99 w/ Free Shipping",https://slickdeals.net/f/15214819-eluktronics-manix-2tb-ultra-performance-series-pcie-nvme-4-0-x-4-m-2-2280-ssd-read-write-speed-up-to-4-800mb-s-and-3-600mb-s-for-229-99-w-free-shipping,Newegg,$229.99
AMD Ryzen 9 5950X Vermeer 3.4GHz 16-Core AM4 Boxed Processor - Microcenter BM - $719,https://slickdeals.net/f/15216016-amd-ryzen-9-5950x-vermeer-3-4ghz-16-core-am4-boxed-processor-microcenter-bm-719,Micro Center,$719.99
"Govee Smart Plug(4 Pack) Bluetooth & WiFi Outlet Works with Alexa Google Assistant, 15A 1800W with 24 Timer Schedule & Group Remote Controller- $16.99 + FS w/ Prime",https://slickdeals.net/f/15215719-govee-smart-plug-4-pack-bluetooth-wifi-outlet-works-with-alexa-google-assistant-15a-1800w-with-24-timer-schedule-group-remote-controller-16-99-fs-w-prime,Amazon,$16.99
Macbook Pro 16GB 1TB SSD Intel I5 Latest Model $1499 with Student Deals,https://slickdeals.net/f/15214699-macbook-pro-16gb-1tb-ssd-intel-i5-latest-model-1499-with-student-deals,Best Buy,"$1,499"
"YMMV ASUS C423 14"" Celeron 4GB/64GB Chromebook @walmart $59",https://slickdeals.net/f/15213964-ymmv-asus-c423-14-celeron-4gb-64gb-chromebook-walmart-59,Walmart,$59
Neewer NL-288 LED Panel Desktop Kit - $144.89 + Free Shipping,https://slickdeals.net/f/15215038-neewer-nl-288-led-panel-desktop-kit-144-89-free-shipping,Amazon,$144.89
DeepCool Castle 280EX AIO CPU Liquid Cooler - Amazon Lightning Deal - $89.99,https://slickdeals.net/f/15215350-deepcool-castle-280ex-aio-cpu-liquid-cooler-amazon-lightning-deal-89-99,Amazon,$89.99
OLOy WarHawk RGB 16GB (2 x 8GB) 288-Pin DDR4 SDRAM DDR4 4000 (PC4 32000) Desktop RAM for $89.99 w/ Free Shipping,https://slickdeals.net/f/15214852-oloy-warhawk-rgb-16gb-2-x-8gb-288-pin-ddr4-sdram-ddr4-4000-pc4-32000-desktop-ram-for-89-99-w-free-shipping,Newegg,$89.99
650W EVGA SuperNOVA 650 G+ 80 Plus Gold Modular Power Supply @Amazon $50,https://slickdeals.net/f/15214132-650w-evga-supernova-650-g-80-plus-gold-modular-power-supply-amazon-50,Amazon,$49.99
Apple Pencil (2nd Generation) $99,https://slickdeals.net/f/15215248-apple-pencil-2nd-generation-99,Amazon,$99
Lexar Professional NM700 M.2 2280 1TB PCIe Gen3 x4 NVMe 3D TLC Internal SSD for $97.99 w/ Free Shipping,https://slickdeals.net/f/15214801-lexar-professional-nm700-m-2-2280-1tb-pcie-gen3-x4-nvme-3d-tlc-internal-ssd-for-97-99-w-free-shipping,Newegg,$97.99
"CORSAIR Hydro Series, H100i RGB PLATINUM Liquid CPU Cooler *RFB* @Newegg (AR) $70",https://slickdeals.net/f/15214123-corsair-hydro-series-h100i-rgb-platinum-liquid-cpu-cooler-rfb-newegg-ar-70,Newegg,$70
"Lenovo Legion 5 Laptop: 15.6"" FHD, Ryzen 5 4600H, 8GB RAM, 256GB SSD, GTX 1650Ti",https://slickdeals.net/f/15212905-lenovo-legion-5-laptop-ryzen-5-4600h-15-6-fhd-120hz-ips-8gb-ddr4-256gb-ssd-1tb-hd-gtx-1650-ti-649-free-shipping,Walmart,$649
Seasonic Focus GM-750 750W 80+ Gold Semi-Modular Power Supply,https://slickdeals.net/f/15212713-seasonic-focus-gm-750-power-supply-750w-80-gold-semi-modular-7-year-warranty-for-65-99-w-fs-after-code-and-mir,Newegg,$66
Razer DeathAdder Essential Wired Optical Mouse - $24.53 + Free shipping,https://slickdeals.net/f/15214108-razer-deathadder-essential-wired-optical-mouse-24-53-free-shipping,Amazon,$24.53
"TEAMgroup T-FORCE CARDEA ZERO Z330 2TB NVMe SSD TLC (DRAM-less, PCIe3) + 2pc 5v/3-pin ARGB Strip Lights $179.99 at Amazon.com",https://slickdeals.net/f/15214045-teamgroup-t-force-cardea-zero-z330-2tb-nvme-ssd-tlc-dram-less-pcie3-2pc-5v-3-pin-argb-strip-lights-179-99-at-amazon-com,Amazon,$179.99
"HP - 14"" Chromebook - Intel Celeron - 4GB Memory - 32GB eMMC - Ceramic white $159",https://slickdeals.net/f/15214189-hp-14-chromebook-intel-celeron-4gb-memory-32gb-emmc-ceramic-white-159,Best Buy,$159
"Lenovo IdeaPad 5 Laptop: Ryzen 7 5700U, 15.6"" IPS Touch, 16GB DDR4, 512GB SSD",https://slickdeals.net/f/15212203-lenovo-ideapad-5-2021-15-15-6-fhd-ips-touch-ryzen-7-5700u-16gb-ddr4-512gb-pcie-ssd-win10h-669-74-f-s,Lenovo,$669.75
600W EVGA 600 BQ 80 Plus Bronze Semi Modular Power Supply $35,https://slickdeals.net/f/15214114-600w-evga-600-bq-80-plus-bronze-semi-modular-power-supply-35,Newegg,$35
EVGA X17 Gaming Mouse - $29.99 + Free shipping at Newegg,https://slickdeals.net/f/15214099-evga-x17-gaming-mouse-29-99-free-shipping-at-newegg,Newegg,$29.99
"$999.99 - Lenovo - Legion 5 15"" Gaming Laptop - AMD Ryzen 7 5800H - NVIDIA GeForce RTX 3050 Ti - 8GB Memory - 512GB SSD - Phantom Blue at Best Buy",https://slickdeals.net/f/15213472-999-99-lenovo-legion-5-15-gaming-laptop-amd-ryzen-7-5800h-nvidia-geforce-rtx-3050-ti-8gb-memory-512gb-ssd-phantom-blue-at-best-buy,Best Buy,$999.99
Motorola MB8600 Ultra-Fast DOCSIS 3.1 Cable Modem,https://slickdeals.net/f/15212221-motorola-mb8600-docsis-3-1-cable-modem-130-amazon-b-h-and-microcenter,B&H Photo Video,$130
Linksys Hydra Pro 6E Tri-band Mesh WiFi AXE6600 Router for $299.99,https://slickdeals.net/f/15212560-linksys-hydra-pro-6e-tri-band-mesh-wifi-axe6600-router-for-299-99,Costco Wholesale,$299.99
AMD Ryzen 7 3700X 3.6GHz 8-Core Processor w/ Wraith Prism Cooler,https://slickdeals.net/f/15211951-amd-ryzen-7-3700x-matisse-3-6ghz-8-core-am4-boxed-processor-micro-center-in-store-199-99,Micro Center,$200
AMD Ryzen 7 5800X 3.8Ghz 8-Core AM4 Processor,https://slickdeals.net/f/15212098-microcenter-in-store-only-ryzen-9-5900x-500-5800x-350,Micro Center,$350
"Latest 2021 128GB Apple iPad Pro 11"" Wi-Fi Tablet (Space Gray or Silver) in store Only @ Microcenter $680",https://slickdeals.net/f/15212401-latest-2021-128gb-apple-ipad-pro-11-wi-fi-tablet-space-gray-or-silver-in-store-only-microcenter-680,Micro Center,$680
"AMD Ryzen 7 5800X 8-core, 16-Thread Unlocked Desktop Processor $396.99 at Amazon",https://slickdeals.net/f/15213241-amd-ryzen-7-5800x-8-core-16-thread-unlocked-desktop-processor-396-99-at-amazon,Amazon,$396.99
"GIGABYTE G32QC A Curved Gaming Monitor [32"" 165Hz 2K 1ms (MPRT), 93% DCI-P3, VESA HDR400, FreeSync Premium Pro] for $299.99 w/ FS after Code",https://slickdeals.net/f/15212848-gigabyte-g32qc-a-curved-gaming-monitor-32-165hz-2k-1ms-mprt-93-dci-p3-vesa-hdr400-freesync-premium-pro-for-299-99-w-fs-after-code,Newegg,$299.99
Buy 1 Get 2 Free + Get up to a total of 25 products for the price of one at IK Multimedia,https://slickdeals.net/f/15212653-buy-1-get-2-free-get-up-to-a-total-of-25-products-for-the-price-of-one-at-ik-multimedia,IK Multimedia,
"be quiet! Pure Base 500DX White ATX Computer Case [ARGB, Mid Tower, Tempered Glass Window] for $79.90 w/ FS after Code",https://slickdeals.net/f/15212728-be-quiet-pure-base-500dx-white-atx-computer-case-argb-mid-tower-tempered-glass-window-for-79-90-w-fs-after-code,Newegg,$79.90
"Acer Swift 5 Intel Evo Thin & Light Laptop, 14"" Full HD Touch, Intel Core i7-1165G7, Intel Iris Xe Graphics, 16GB LPDDR4X, 1TB NVMe SSD, Wi-Fi 6 $975.99",https://slickdeals.net/f/15213328-acer-swift-5-intel-evo-thin-light-laptop-14-full-hd-touch-intel-core-i7-1165g7-intel-iris-xe-graphics-16gb-lpddr4x-1tb-nvme-ssd-wi-fi-6-975-99,Amazon,$975.99
"Lenovo G34w-10 34-Inch WQHD Curved Gaming Monitor, 21:9 Ultra-Wide, 3 Side NearEdgeless, 3440 x 1440, AMD FreeSync, 144Hz, HDMI, DP, Adjustable Stand, VESA, 66A1GCCBUS, B - $339.99",https://slickdeals.net/f/15212347-lenovo-g34w-10-34-inch-wqhd-curved-gaming-monitor-21-9-ultra-wide-3-side-nearedgeless-3440-x-1440-amd-freesync-144hz-hdmi-dp-adjustable-stand-vesa-66a1gccbus-b-339-99,Amazon,$339.99
"GIGABYTE G5 MD-51US123SH Gaming Laptop [15.6"" 144 Hz IPS Intel Core i5-11400H, NVIDIA GeForce RTX 3050 Ti, 16 GB RAM, 512 GB Gen4 SSD] for $999.00 w/ FS",https://slickdeals.net/f/15213040-gigabyte-g5-md-51us123sh-gaming-laptop-15-6-144-hz-ips-intel-core-i5-11400h-nvidia-geforce-rtx-3050-ti-16-gb-ram-512-gb-gen4-ssd-for-999-00-w-fs,Newegg,$999
SunFounder Project Super Starter Kit for Arduino with Uno R3 Board and Tutorial $23.09,https://slickdeals.net/f/15212437-sunfounder-project-super-starter-kit-for-arduino-with-uno-r3-board-and-tutorial-23-09,Amazon,$23.09
"WD_Black 500GB SN750 SE NVMe Battlefield 2042 to 3,600 MB/s $99",https://slickdeals.net/f/15212182-wd-black-500gb-sn750-se-nvme-battlefield-2042-to-3-600-mb-s-99,Amazon,$99
"GIGABYTE AERO 15 OLED YD [15.6"" UHD 4K AMOLED, Intel Core i7-11800H, NVIDIA GeForce RTX 3080, 8GB GDDR6, 16GB RAM, 1TB SSD, Win10 Pro] for $2049.00 w/ FS after MIR",https://slickdeals.net/f/15213088-gigabyte-aero-15-oled-yd-15-6-uhd-4k-amoled-intel-core-i7-11800h-nvidia-geforce-rtx-3080-8gb-gddr6-16gb-ram-1tb-ssd-win10-pro-for-2049-00-w-fs-after-mir,Newegg,"$2,049"
Brydge iPad 12.9 Pro+ Aluminum Wireless Keyboard with Trackpad $139.99 Amazon,https://slickdeals.net/f/15213490-brydge-ipad-12-9-pro-aluminum-wireless-keyboard-with-trackpad-139-99-amazon,Amazon,$139.99
ASUS AX6000 WiFi 6 Gaming Router,https://slickdeals.net/f/15211594-asus-ax6000-wifi-6-gaming-router-from-261-15-free-shipping,Amazon,from $261.15
"New Microsoft ARC Mouse for 41.99 (was $61) - Lilac only, at Amazon",https://slickdeals.net/f/15213385-new-microsoft-arc-mouse-for-41-99-was-61-lilac-only-at-amazon,Amazon,$41.99
"Costco Members: Lenovo IdeaPad 3 15.6"" Touch Laptop: Ryzen 7 5700U, 512GB SSD",https://slickdeals.net/f/15211363-costco-members-lenovo-ideapad-3-15-6-touch-laptop-ryzen-7-5700u-512gb-ssd-560,Costco Wholesale,$560
Team T-FORCE VULCAN Z 32GB (2 x 16GB) 288-Pin DDR4 SDRAM DDR4 3200 (PC4 25600) Intel XMP 2.0 Desktop RAM for $124.99 w/ FS after Code,https://slickdeals.net/f/15213130-team-t-force-vulcan-z-32gb-2-x-16gb-288-pin-ddr4-sdram-ddr4-3200-pc4-25600-intel-xmp-2-0-desktop-ram-for-124-99-w-fs-after-code,Newegg,$124.99
Crucial Ballistix 3200 MHz DDR4 DRAM Laptop Gaming Memory Kit 16GB (8GBx2) CL16 - $74.79 AC/FS,https://slickdeals.net/f/15213064-crucial-ballistix-3200-mhz-ddr4-dram-laptop-gaming-memory-kit-16gb-8gbx2-cl16-74-79-ac-fs,Newegg,$74.79
(Seagate Firecuda 520 1TB Performance Internal SSD [PCIe Gen4 X4 NVMe 1.3] $169.99,https://slickdeals.net/f/15212947-seagate-firecuda-520-1tb-performance-internal-ssd-pcie-gen4-x4-nvme-1-3-169-99,Newegg,$169.99
Synology MR2200ac Mesh Wi-Fi Router,https://slickdeals.net/f/15211255-synology-mr2200ac-mesh-wi-fi-router-126-with-code-tpca28na65-fs-125-99,Newegg,$126
"GIGABYTE G27QC A Curved Gaming Monitor [27"" 165Hz 2K 1ms (MPRT) 88% DCI-P3, HDR Ready, FreeSync Premium] for $249.99 w/ FS",https://slickdeals.net/f/15212824-gigabyte-g27qc-a-curved-gaming-monitor-27-165hz-2k-1ms-mprt-88-dci-p3-hdr-ready-freesync-premium-for-249-99-w-fs,Newegg,$249.99
"MSI Optix G273QPF Gaming Monitor [27"" WQHD 165Hz 1ms GTG Rapid IPS, G-Sync Compatible] for $289.99 w/ FS",https://slickdeals.net/f/15212797-msi-optix-g273qpf-gaming-monitor-27-wqhd-165hz-1ms-gtg-rapid-ips-g-sync-compatible-for-289-99-w-fs,Newegg,$289.99
"GIGABYTE G24F Gaming Monitor [24"" 165Hz/170Hz(OC) FHD SS IPS, 1ms (MPRT), 90% DCI-P3, FreeSync Premium] for $169.99 w/ FS after Code",https://slickdeals.net/f/15212755-gigabyte-g24f-gaming-monitor-24-165hz-170hz-oc-fhd-ss-ips-1ms-mprt-90-dci-p3-freesync-premium-for-169-99-w-fs-after-code,Newegg,$169.99
Corsair iCUE 220T RGB Airflow ATX Mid Tower Computer Case for $79.99 w/ FS after MIR,https://slickdeals.net/f/15212749-corsair-icue-220t-rgb-airflow-atx-mid-tower-computer-case-for-79-99-w-fs-after-mir,Newegg,$79.99
1-Year Quicken Deluxe Finance Subscription (PC/Mac Physical or Digital),https://slickdeals.net/f/15211246-quicken-products-40-off-at-office-depot-31-19,Office Depot and OfficeMax,$31.20
"Corsair RM850x, 850 Watt, 80+ Gold Certified, Fully Modular Power Supply - $120 @Woot",https://slickdeals.net/f/15212641-corsair-rm850x-850-watt-80-gold-certified-fully-modular-power-supply-120-woot,Woot!,$120
"128GB Apple iPad Pro 11"" Wi-Fi Tablet (Latest Model, Space Gray or Silver)",https://slickdeals.net/f/15209932-apple-11-inch-ipad-pro-latest-model-with-wi-fi-128gb-space-gray-mhqr3ll-a-699-99,Amazon,$700
Microsoft Bluetooth Mouse (Various Colors),https://slickdeals.net/f/15209923-microsoft-bluetooth-mouse-various-colors-12-free-curbside-pickup,Best Buy,$12
"AORUS FO48U Gaming Monitor [48"", 4K, OLED, 120Hz, 1ms GTG, Freesync Premium] $1399.99",https://slickdeals.net/f/15210775-aorus-fo48u-gaming-monitor-48-4k-oled-120hz-1ms-gtg-freesync-premium-1399-99,Newegg,"$1,399.99"
"Sabrent Rocket NVMe 4.0 Gen4 PCIe SSD'S: 500GB $79, 1TB $149, 2TB $300 + free s/h at Amazon",https://slickdeals.net/f/15210556-sabrent-rocket-nvme-4-0-gen4-pcie-ssd-s-500gb-79-1tb-149-2tb-300-free-s-h-at-amazon,Amazon,$79.19
"HP Chromebook Laptop: 11.6"", MT8183 8-Core, 4GB RAM, 32GB eMMC Storage $120 + Free Curbside Pickup at Best Buy or Free Shipping",https://slickdeals.net/f/15211192-hp-chromebook-laptop-11-6-mt8183-8-core-4gb-ram-32gb-emmc-storage-120-free-curbside-pickup-at-best-buy-or-free-shipping,Best Buy,$119.99
"Hp 14"" Laptop With Windows 10 Home In S Mode - Intel Core I3 11th Gen Processor - 4gb Ram Memory - 128gb Ssd Storage - Silver (14-dq2031tg) : Target $369.99",https://slickdeals.net/f/15211405-hp-14-laptop-with-windows-10-home-in-s-mode-intel-core-i3-11th-gen-processor-4gb-ram-memory-128gb-ssd-storage-silver-14-dq2031tg-target-369-99,Target,$369.99
"Acer Chromebook 311 Laptop: Intel N4020, 11.6"", 4GB RAM, 32GB eMMC $129 + Free Curbside Pickup at Best Buy or Free Shipping",https://slickdeals.net/f/15210433-acer-chromebook-311-laptop-intel-n4020-11-6-4gb-ram-32gb-emmc-129-free-curbside-pickup-at-best-buy-or-free-shipping,Best Buy,$129
"Costco Members: Mac mini – Apple M1 Chip 8-core CPU, 8-core GPU – 8GB Memory – 256GB SSD –  Silver - $599.99",https://slickdeals.net/f/15210643-costco-members-mac-mini-apple-m1-chip-8-core-cpu-8-core-gpu-8gb-memory-256gb-ssd-silver-599-99,Costco Wholesale,$599.99
"Samsung Galaxy Book Pro 360 13.3 i7 8GB RAM 256GB SSD + Galaxy Buds Pro, EDU required. No trade in $750",https://slickdeals.net/f/15210181-samsung-galaxy-book-pro-360-13-3-i7-8gb-ram-256gb-ssd-galaxy-buds-pro-edu-required-no-trade-in-750,Samsung,$749.99
"Costco Members: Mac mini – Apple M1 Chip 8-core CPU, 8-core GPU – 8GB Memory – 512GB SSD –  Silver - $749.99",https://slickdeals.net/f/15210616-costco-members-mac-mini-apple-m1-chip-8-core-cpu-8-core-gpu-8gb-memory-512gb-ssd-silver-749-99,Costco Wholesale,$749.99
Epomaker SK61 61 Keys 60% Hot Swappable Programmable Mechanical Gaming Wired Keyboard-$54 to $65.99 + Free Prime Shipping,https://slickdeals.net/f/15211321-epomaker-sk61-61-keys-60-hot-swappable-programmable-mechanical-gaming-wired-keyboard-54-to-65-99-free-prime-shipping,Amazon,$54
"EPOMAKER SKYLOONG AK61 61 Keys Hot Swappable Programmable Mechanical Keyboard with RGB Backlit, PBT/ABS Keycaps, NKRO, IP6X Waterproof, Custom Layout for Mac/Win for $47.99 to $60.",https://slickdeals.net/f/15211303-epomaker-skyloong-ak61-61-keys-hot-swappable-programmable-mechanical-keyboard-with-rgb-backlit-pbt-abs-keycaps-nkro-ip6x-waterproof-custom-layout-for-mac-win-for-47-99-to-60,Amazon,
Chromebook 5i Intel (14) - Storm Grey - 82M80012US - $304.99,https://slickdeals.net/f/15211822-chromebook-5i-intel-14-storm-grey-82m80012us-304-99,Lenovo,$304.99
"Gigabyte AERO 15 Laptop: i7-11800H, 15.6"" 4K OLED, 512GB, 16GB, RTX 3060 $1249 after $100 Rebate + Free S/H",https://slickdeals.net/f/15210895-gigabyte-aero-15-laptop-i7-11800h-15-6-4k-oled-512gb-16gb-rtx-3060-1249-after-100-rebate-free-s-h,Adorama,"$1,249"
"27"" GIGABYTE G27QC A 165Hz Curved Gaming Monitor @Newegg",https://slickdeals.net/f/15211726-27-gigabyte-g27qc-a-165hz-curved-gaming-monitor-newegg,Newegg,
"ASUS ROG Zephyrus Laptop: Ryzen 9 5900HS, 14"" 144Hz, 1TB SSD, RTX 3060 Max-Q",https://slickdeals.net/f/15209596-my-best-buy-students-asus-rog-zephyrus-14-laptop-ryzen-9-5900hs-14-144hz-1tb-ssd-rtx-3060-max-q-1349-99,Best Buy,"$1,350"
Corsair K95 RGB Platinum Mechanical Backlit Gaming Keyboard (Cherry MX Speed),https://slickdeals.net/f/15209632-corsair-k95-rgb-platinum-mechanical-gaming-keyboard-cherry-mx-speed-119-99-free-shipping,eBay,$120
Walmart YMMV - HP Desktop Tower Ryzen 3 3200G  8GB/1TB $299,https://slickdeals.net/f/15209338-walmart-ymmv-hp-desktop-tower-ryzen-3-3200g-8gb-1tb-299,Walmart,$299
"Seagate Expansion 6TB External Hard Drive HDD - USB 3.0, with Rescue Data Recovery Services and Toolkit Backup Software $105",https://slickdeals.net/f/15211276-seagate-expansion-6tb-external-hard-drive-hdd-usb-3-0-with-rescue-data-recovery-services-and-toolkit-backup-software-105,Walmart,$105
"Lenovo - Legion 5 15"" Gaming Laptop - AMD Ryzen 7 5800H - NVIDIA GeForce RTX 3050 Ti - 8GB Memory - 512GB SSD - Phantom Blue $999.99",https://slickdeals.net/f/15210196-lenovo-legion-5-15-gaming-laptop-amd-ryzen-7-5800h-nvidia-geforce-rtx-3050-ti-8gb-memory-512gb-ssd-phantom-blue-999-99,Best Buy,$999.99
"ASUS VivoBook 15 M515 Thin and Light Laptop, 15.6"" IPS FHD Display, AMD Ryzen 7 5700U, 16GB DDR4 RAM, 512GB PCIe SSD, Fingerprint Reader, Windows 10 Home $699.99",https://slickdeals.net/f/15211147-asus-vivobook-15-m515-thin-and-light-laptop-15-6-ips-fhd-display-amd-ryzen-7-5700u-16gb-ddr4-ram-512gb-pcie-ssd-fingerprint-reader-windows-10-home-699-99,Newegg,$699.99
"Apple iMac 21.5"" - Intel Core i5 - 8GB Memory - 256GB SSD - $899.99",https://slickdeals.net/f/15210649-apple-imac-21-5-intel-core-i5-8gb-memory-256gb-ssd-899-99,Costco Wholesale,$899.99
"Acer Nitro 5 AN517: 17.3"" QHD 165Hz IPS, Ryzen 7 5800H, RTX 3070, 16GB DDR4, 1TB NVMe SSD, Win10H @ $1699.99 + F/S",https://slickdeals.net/f/15209668-acer-nitro-5-an517-17-3-qhd-165hz-ips-ryzen-7-5800h-rtx-3070-16gb-ddr4-1tb-nvme-ssd-win10h-1699-99-f-s,Acer,"$1,699.99"
"Samsung EDU:  Samsung Galaxy Book Pro 360 13.3"" 2-in-1: i7-1165G7, 16GB RAM, 512GB SSD  + FREE Earbuds - $899.99 (EDU discount)",https://slickdeals.net/f/15210127-samsung-edu-samsung-galaxy-book-pro-360-13-3-2-in-1-i7-1165g7-16gb-ram-512gb-ssd-free-earbuds-899-99-edu-discount,Samsung,$899.99
"Apple MacBook Pro 13.3"" with Touch Bar - 10th Gen Intel Core i5 - 16GB Memory - 1TB SSD - � | Costco - $1699.99",https://slickdeals.net/f/15210628-apple-macbook-pro-13-3-with-touch-bar-10th-gen-intel-core-i5-16gb-memory-1tb-ssd-costco-1699-99,Costco Wholesale,"$1,699.99"
CORSAIR VENGEANCE RGB PRO SL 32GB (2x16GB) DDR4 3600 C18 Desktop Memory - $172.99 + Free Shipping,https://slickdeals.net/f/15209650-corsair-vengeance-rgb-pro-sl-32gb-2x16gb-ddr4-3600-c18-desktop-memory-172-99-free-shipping,,$172.99
Amazon Kindle or Amazon Kindle Paperwhite $59.97,https://slickdeals.net/f/15210214-amazon-kindle-or-amazon-kindle-paperwhite-59-97,Best Buy,$59.97
(Starts 8/9 - 24 Hours Only) GAMEMAX Power Supply 850W Fully Modular 80+ Gold Certified with Addressable RGB for $75.99 w/ FS,https://slickdeals.net/f/15209086-starts-8-9-24-hours-only-gamemax-power-supply-850w-fully-modular-80-gold-certified-with-addressable-rgb-for-75-99-w-fs,Newegg,$75.99
Apple Pencil (2nd Generation) Stylus for iPad,https://slickdeals.net/f/15208492-apple-pencil-2nd-generation-99-99-reg-129-99-at-target,Target,$100
Razer Hammerhead True Wireless Earbuds $54.99,https://slickdeals.net/f/15209413-razer-hammerhead-true-wireless-earbuds-54-99,Target,$54.99
Apple Pencil (2nd Generation) MU8F2AM/A - $99 at Best Buy,https://slickdeals.net/f/15208402-apple-pencil-2nd-generation-mu8f2am-a-99-at-best-buy,Best Buy,$99
The Ultimate Productivity Lifetime Subscription Bundle Ft. Rosetta Stone $139.3,https://slickdeals.net/f/15209341-the-ultimate-productivity-lifetime-subscription-bundle-ft-rosetta-stone-139-3,StackSocial,$139.30
MSI PRO B550M PRO-VDH WIFI AMD AM4 Micro ATX Motherboard,https://slickdeals.net/f/15208294-amazon-msi-b550m-pro-vdh-wifi-proseries-matx-motherboard-amd-am4-ddr4-pcie-4-0-sata-6gb-s-m-2-usb-3-2-gen-1-wi-fi-d-sub-hdmi-dp-84,B&H Photo Video,$84
"MSI MAG B550M Mortar AMD AM4 Motherboard (in stock soon) $129.99, also renewed condition for $99.99",https://slickdeals.net/f/15209113-msi-mag-b550m-mortar-amd-am4-motherboard-in-stock-soon-129-99-also-renewed-condition-for-99-99,Amazon,$129.99
Deal on the Vulcan Pro ($ 149.99) and Vulcan 100 AIMO ($ 99.99) gaming Keyboards $149.99,https://slickdeals.net/f/15209110-deal-on-the-vulcan-pro-149-99-and-vulcan-100-aimo-99-99-gaming-keyboards-149-99,,$149.99
"Monoprice Entegrade Series Cat7 Double Shielded (S/FTP) Ethernet Patch Cable - Snagless RJ45, 600MHz, 10G, 26AWG, 100ft, Blue + Free Shipping $22.49",https://slickdeals.net/f/15208012-monoprice-entegrade-series-cat7-double-shielded-s-ftp-ethernet-patch-cable-snagless-rj45-600mhz-10g-26awg-100ft-blue-free-shipping-22-49,Monoprice,$22.49
"MSI - Bravo 15 Laptop - 15.6"" Full HD IPS Gaming Laptop - Ryzen 5 5600H Processor - 16GB Memory - 512GB Solid State Drive - 144Hz Screen - AMD Radeon RX 5500M Graphics $799.99",https://slickdeals.net/f/15207556-msi-bravo-15-laptop-15-6-full-hd-ips-gaming-laptop-ryzen-5-5600h-processor-16gb-memory-512gb-solid-state-drive-144hz-screen-amd-radeon-rx-5500m-graphics-799-99,Sam's Club,$799.99
Yamaha HS8 Powered Studio Monitor $266.41,https://slickdeals.net/f/15207769-yamaha-hs8-powered-studio-monitor-266-41,,$266.41
"Dell Inspiron 15 3000 Laptop: i3-1115G4, 4GB DDR4, 128GB SSD, 15.6"" 1080p",https://slickdeals.net/f/15205831-dell-inspiron-15-3000-laptop-i3-1115g4-4gb-128gb-ssd-15-6-1080p-310-free-s-h-at-dell-less-w-sd-cashbck,Dell Home & Office,$310
"Acer Spin 3 2-in-1 Laptop (Refurb): i5-1035G1, 14"" 1080p, 8GB DDR4, 256GB SSD",https://slickdeals.net/f/15205594-acer-spin-3-2-in-1-touchscreen-laptop-refurb-i5-1035g1-14-1080p-8gb-ddr4-256gb-ssd-2-year-warranty-408-49-at-ebay,eBay,$408.50
"Apple iPad Air 4th Gen 10.9"" Wi-Fi Tablet (Latest Model): 256GB $650, 64GB",https://slickdeals.net/f/15205294-apple-ipad-air-4th-gen-10-9-wi-fi-tablet-latest-model-256gb-650-64gb-500-free-shipping,Amazon,$500
iClever BKA26S Bluetooth Keyboard $16.49 + Free Shipping w/ Prime,https://slickdeals.net/f/15206482-iclever-bka26s-bluetooth-keyboard-16-49-free-shipping-w-prime,Amazon,$16.49
Cooler Master MasterLiquid ML360 Mirror ARGB Close-Loop AIO CPU Liquid Cooler $100 w/ Free shipping @ Newegg / Amazon,https://slickdeals.net/f/15206458-cooler-master-masterliquid-ml360-mirror-argb-close-loop-aio-cpu-liquid-cooler-100-w-free-shipping-newegg-amazon,Newegg,$100
"New Inspiron 16 Plus: 16"" 3K 16:10 IPS, i7-11800H, 16GB DDR4, 512 PCIe SSD, RTX 3050, Thunderbolt 4, Win10H @ $1107.39 + F/S",https://slickdeals.net/f/15205783-new-inspiron-16-plus-16-3k-16-10-ips-i7-11800h-16gb-ddr4-512-pcie-ssd-rtx-3050-thunderbolt-4-win10h-1107-39-f-s,Dell Home & Office,"$1,107.39"
Microcenter IN STORE ONLY: Ryzen 9 5900X $520,https://slickdeals.net/f/15205486-microcenter-in-store-only-ryzen-9-5900x-520,Micro Center,$520
Intel Core i7-10700KF Comet Lake Desktop Processor [8-Core 3.8 GHz LGA 1200 125W] $279.99 + FS,https://slickdeals.net/f/15205870-intel-core-i7-10700kf-comet-lake-desktop-processor-8-core-3-8-ghz-lga-1200-125w-279-99-fs,Newegg,$279.99
"TCL Mesh Wi-Fi System Gigabit Wifi Mesh Network Cover up to 100 Devices 4,500 Sq. ft. Coverage (3 Pack) $89.99 + Free Shipping",https://slickdeals.net/f/15204646-tcl-mesh-wi-fi-system-gigabit-wifi-mesh-network-cover-up-to-100-devices-4-500-sq-ft-coverage-3-pack-89-99-free-shipping,Amazon,$89.99
Manfrotto 67mm 9 Stop ND500 Lens Filter $20 + free s/h,https://slickdeals.net/f/15205981-manfrotto-67mm-9-stop-nd500-lens-filter-20-free-s-h,Adorama,$20
EPOMAKER Ajazz K870T Bluetooth RGB Backlit Mechanical Keyboard (Various Switches),https://slickdeals.net/f/15204136-epomaker-k870t-87-keys-bluetooth-wired-wireless-mechanical-keyboard-with-rgb-backlit-type-c-cable-2000mah-battery-wheel-button-control-for-game-office-48-99-to-64-99,Amazon,from $49
"Alienware m15 R4 Laptop: i7-10870H, 15.6"" FHD, 32GB DDR4, 256GB SSD, RTX 3080",https://slickdeals.net/f/15204304-alienware-m15-r4-laptop-i7-10870h-15-6-fhd-32gb-ddr4-256gb-ssd-rtx-3080-1879-2-5-sd-cashback-free-s-h,Dell EPP,$1879
"Lenovo - Yoga 9i 14 2-in-1 14"" 4K HDR Touch-Screen Laptop - Intel Evo Platform Core i7 - 16GB Memory - 512GB SSD - Shadow Black $1349.99",https://slickdeals.net/f/15204922-lenovo-yoga-9i-14-2-in-1-14-4k-hdr-touch-screen-laptop-intel-evo-platform-core-i7-16gb-memory-512gb-ssd-shadow-black-1349-99,Best Buy,"$1,349.99"
"iOS/Android Apps: Chrono Trigger $5, Final Fantasy VII $9, This Is the Police",https://slickdeals.net/f/15203896-ios-android-apps-this-is-the-police-3-chrono-trigger-5-final-fantasy-tactics-android-6-ios-7-final-fantasy-vii-9-more,Apple iTunes,$3
128GB ADATA UV320 USB 3.1 Flash Drive,https://slickdeals.net/f/15203620-adata-128gb-usb-3-1-flash-drive-11-99-at-newegg,Newegg,$12
EPOMAKER GK61X/GK64X/GK87/GK96X RGB Hotswap Custom DIY Kit for 60%/80%/90% Keyboard with PCB Mounting Plate Case - $53.55 to $76.49 + Free Shipping,https://slickdeals.net/f/15204103-epomaker-gk61x-gk64x-gk87-gk96x-rgb-hotswap-custom-diy-kit-for-60-80-90-keyboard-with-pcb-mounting-plate-case-53-55-to-76-49-free-shipping,Amazon,
AMD Ryzen 7 5700G now available on Newegg.com - $364 w/shipping,https://slickdeals.net/f/15203542-amd-ryzen-7-5700g-now-available-on-newegg-com-364-w-shipping,Newegg,$359.99
Epomaker SK61 61 Keys 60% Hot Swappable Programmable Mechanical Gaming Wired Keyboard -$58.65 to $89.99 + Free Shipping,https://slickdeals.net/f/15204124-epomaker-sk61-61-keys-60-hot-swappable-programmable-mechanical-gaming-wired-keyboard-58-65-to-89-99-free-shipping,Amazon,$58
iPad Air 4 (Late 2020) 64GB WiFi $479 Cellular $609 @ Micro Center In-Store Only,https://slickdeals.net/f/15203506-ipad-air-4-late-2020-64gb-wifi-479-cellular-609-micro-center-in-store-only,Micro Center,$479.99
Costco Members: 1TB Sandisk NVME Extreme Portable Solid State Drive,https://slickdeals.net/f/15202927-sandisk-extreme-portable-1tb-solid-state-drive-up-to-1050mb-s-read-speed-1000mb-s-write-speed-119-99-at-costco,Costco Wholesale,$120
"PC Digital Games: A Plague Tale: Innocence $9.99, GUILTY GEAR XX ACCENT CORE PLUS R $1.49 & More",https://slickdeals.net/f/15203743-pc-digital-games-a-plague-tale-innocence-9-99-guilty-gear-xx-accent-core-plus-r-1-49-more,Newegg,
AMD Ryzen 5000 G-Series Launch:RYZEN 5 5600G $259,https://slickdeals.net/f/15203731-amd-ryzen-5000-g-series-launch-ryzen-5-5600g-259,Newegg,$259
The 2021 Premium Unity Game Developer Certification Bundle (Lifetime Access) $8,https://slickdeals.net/f/15204622-the-2021-premium-unity-game-developer-certification-bundle-lifetime-access-8,StackSocial,$8
"Acer Aspire 5 Laptop: i5-1135G7, 15.6"" IPS, 8GB DDR4, 512GB SSD, Iris Xe for $579.99 + Free Shipping",https://slickdeals.net/f/15204490-acer-aspire-5-laptop-i5-1135g7-15-6-ips-8gb-ddr4-512gb-ssd-iris-xe-for-579-99-free-shipping,Newegg,$579.99
"AOC CQ32G2S 31.5"" QHD 165Hz HDMI DP FreeSync Curved LED Gaming Monitor $279.99",https://slickdeals.net/f/15204433-aoc-cq32g2s-31-5-qhd-165hz-hdmi-dp-freesync-curved-led-gaming-monitor-279-99,Micro Center,$279.99
Wavlink USB 3.0 Universal Docking Station $59.99,https://slickdeals.net/f/15204397-wavlink-usb-3-0-universal-docking-station-59-99,Newegg,$59.99
"Alienware Monitor - AW2721D - 27"",1440p,240hz,G-Sync Ultimate,DisplayHDR600 - $714.99 - Lowest Price Ever",https://slickdeals.net/f/15204217-alienware-monitor-aw2721d-27-1440p-240hz-g-sync-ultimate-displayhdr600-714-99-lowest-price-ever,Amazon,$714.99
Dell S2522HG 240Hz IPS Gsync FHD Monitor $250,https://slickdeals.net/f/15204148-dell-s2522hg-240hz-ips-gsync-fhd-monitor-250,Amazon,$250
SunFounder Arduino 4-DOF Dancing Sloth Programmable DIY Robot Kit $41.99,https://slickdeals.net/f/15203998-sunfounder-arduino-4-dof-dancing-sloth-programmable-diy-robot-kit-41-99,Amazon,$41.99
"LG 27"" Class FHD IPS FreeSync Monitor $139.99 at Costco",https://slickdeals.net/f/15203071-lg-27-class-fhd-ips-freesync-monitor-139-99-at-costco,Costco Wholesale,$139.99
"$90 EVGA SuperNOVA 750 GT, 80 Plus Gold 750W, Fully Modular $89.99",https://slickdeals.net/f/15203629-90-evga-supernova-750-gt-80-plus-gold-750w-fully-modular-89-99,Newegg,$89.99
3-Pack Google Wi-Fi AC1200 Wireless Dual-Band Gigabit Mesh Wi-Fi Router (Snow),https://slickdeals.net/f/15201679-google-wifi-ac1200-2020-model-mesh-wifi-system-wifi-router-4500-sq-ft-coverage-3-pack-amazon-149-99,Amazon,$150
TP-Link Archer AX73 AX5400 Wireless Dual-Band Gigabit Router $165,https://slickdeals.net/f/15203368-tp-link-archer-ax73-ax5400-wireless-dual-band-gigabit-router-165,Newegg,$165
Acer Chromebook R 13 (Recertified) MediaTek M8173C 2.10GHz 4GB Ram 64GB Flash Chrome OS Touchscreen $174.49 at eBay,https://slickdeals.net/f/15202303-acer-chromebook-r-13-recertified-mediatek-m8173c-2-10ghz-4gb-ram-64gb-flash-chrome-os-touchscreen-174-49-at-ebay,eBay,$174.79
"ASUS VivoBook 15 F513 Laptop: i3-1115G4, 15.6"" FHD, 8GB DDR4, 256GB SSD",https://slickdeals.net/f/15201640-office-depot-asus-vivobook-15-f513-15-6-fhd-display-intel-core-i3-1115g4-processor-8gb-memory-256gb-pcie-solid-state-drive-windows-10-in-s-mode-400,Office Depot and OfficeMax,$380
"Dell Chase offer 5 percent cashback MUST SPEND $999 OR MORE Computers, Monitors & Technology Solutions | Dell USA $0",https://slickdeals.net/f/15201868-dell-chase-offer-5-percent-cashback-must-spend-999-or-more-computers-monitors-technology-solutions-dell-usa-0,Dell Home & Office,
"Dark Matter by Monoprice Collider Mechanical Gaming Keyboard - Cherry MX Red, RGB, Wired $42.99",https://slickdeals.net/f/15202045-dark-matter-by-monoprice-collider-mechanical-gaming-keyboard-cherry-mx-red-rgb-wired-42-99,Monoprice,$42.99
YMMV 10% off AMD Ryzen 9 5900X/5950X at Best Buy with Cardmember offer.,https://slickdeals.net/f/15202456-ymmv-10-off-amd-ryzen-9-5900x-5950x-at-best-buy-with-cardmember-offer,,
Amazon: TP-Link WiFi 6 Router AX1800 Smart WiFi Router (Archer AX21) – Dual Band Gigabit Router $79.99,https://slickdeals.net/f/15201715-amazon-tp-link-wifi-6-router-ax1800-smart-wifi-router-archer-ax21-dual-band-gigabit-router-79-99,Amazon,$79.99
Costco: Seagate One Touch 5TB Portable Hard Drive - $94.99 (8/4/21 through 8/29/21),https://slickdeals.net/f/15201526-costco-seagate-one-touch-5tb-portable-hard-drive-94-99-8-4-21-through-8-29-21,Costco Wholesale,$94.99
YMMV - LG 32inch UltraGear 32GN600 monitor - $200 $200,https://slickdeals.net/f/15202822-ymmv-lg-32inch-ultragear-32gn600-monitor-200-200,Walmart,$200
"Acer Predator XB323U Gxbmiiphzx 32"" WQHD 270Hz HDMI DP FreeSync/ G-Sync Compatible HDR IPS LED Gaming Monitor - $599",https://slickdeals.net/f/15202063-acer-predator-xb323u-gxbmiiphzx-32-wqhd-270hz-hdmi-dp-freesync-g-sync-compatible-hdr-ips-led-gaming-monitor-599,Micro Center,$599
Costco Members:  Check your email for $50 off of $500 on an online order.  YMMV and targeted! $450,https://slickdeals.net/f/15202261-costco-members-check-your-email-for-50-off-of-500-on-an-online-order-ymmv-and-targeted-450,Costco Wholesale,$450
EVGA SuperNova 550 GM SFX PSU $65 at Amazon or NewEgg,https://slickdeals.net/f/15201583-evga-supernova-550-gm-sfx-psu-65-at-amazon-or-newegg,Amazon,$65
"Samsung EPP: 980 PCIe® SSD 1TB, Portable SSD T7 1TB & 32"" Faker Edition Monitor $744.42",https://slickdeals.net/f/15201499-samsung-epp-980-pcie-ssd-1tb-portable-ssd-t7-1tb-32-faker-edition-monitor-744-42,Samsung,$744.42
"Monoprice Clearance deals, B&M only",https://slickdeals.net/f/15200854-monoprice-clearance-deals-b-m-only,Monoprice,$54.80
NETGEAR - Nighthawk RAX45 AX4300 Wi-Fi 6 Router $149 after $50 OFF,https://slickdeals.net/f/15201877-netgear-nighthawk-rax45-ax4300-wi-fi-6-router-149-after-50-off,Costco Wholesale,$149
"32"" LG UltraGear 32GN600-B 2560x1440 QHD 165Hz VA HDR10 FreeSync Gaming Monitor",https://slickdeals.net/f/15199900-lg-32-ultragear-qhd-2560x1440-165hz-hdr-10-monitor-with-freesync-249-at-walmart,Walmart,$249
Official Creality Ender 3 3D Printer Fully Open Source with Resume Printing All Metal Frame FDM DIY Printers 220x220x250mm - $140 + $10 gift card,https://slickdeals.net/f/15201760-official-creality-ender-3-3d-printer-fully-open-source-with-resume-printing-all-metal-frame-fdm-diy-printers-220x220x250mm-140-10-gift-card,Newegg,$140
"Sabrent Rocket 4 Plus NVMe 4.0 Gen4 PCIe M.2 Internal SSDs: 2TB $360, 1TB",https://slickdeals.net/f/15199774-sabrent-rocket-4-plus-nvme-4-0-gen4-pcie-m-2-internal-ssds-2tb-360-1tb-180-more-free-s-h,Amazon,$180
"AOC CQ32G2S 32"" QHD 165Hz VA Panel FreeSync Curved Monitor, 3 Yr Zero Dead Pixel Guarantee @ $339.99 + F/S",https://slickdeals.net/f/15201097-aoc-cq32g2s-32-qhd-165hz-va-panel-freesync-curved-monitor-3-yr-zero-dead-pixel-guarantee-339-99-f-s,Amazon,$339.99
"Nixeus EDG Gaming Monitor [24"", Full HD, AMD Radeon FreeSync Certified, 144Hz, 1MS, TN Panel] for $139.99 w/ Free Shipping",https://slickdeals.net/f/15200368-nixeus-edg-gaming-monitor-24-full-hd-amd-radeon-freesync-certified-144hz-1ms-tn-panel-for-139-99-w-free-shipping,Newegg,$139.99
"HP X27q 27"" QHD 165Hz HDMI DP FreeSync HDR IPS LED Gaming Monitor $229.99 at Micro Center - B&M",https://slickdeals.net/f/15200554-hp-x27q-27-qhd-165hz-hdmi-dp-freesync-hdr-ips-led-gaming-monitor-229-99-at-micro-center-b-m,Micro Center,$229.99
Microsoft Surface Pen (Black) + FS $48,https://slickdeals.net/f/15200284-microsoft-surface-pen-black-fs-48,ABT Electronics,$48
"Acer RX241Y Pbmiiphx [24"", IPS, Full HD/1920 x 1080, 400 cd/m2, 165 Hz] Gaming Monitor for $169.99",https://slickdeals.net/f/15200164-acer-rx241y-pbmiiphx-24-ips-full-hd-1920-x-1080-400-cd-m2-165-hz-gaming-monitor-for-169-99,Newegg,$169.99
"GIGABYTE AERO 15 XC-8US1130SH Gaming Laptop [Intel Core i7-10870H 2.20 GHz, RTX 3070] $1549",https://slickdeals.net/f/15200041-gigabyte-aero-15-xc-8us1130sh-gaming-laptop-intel-core-i7-10870h-2-20-ghz-rtx-3070-1549,Newegg,"$1,549"
(starts 8/4 12at ET) 3-Pack Google Nest Wi-Fi AC1200 Wireless Dual-Band Gigabit Mesh Wi-Fi Router $150 + free s/h (Less w/ SD Cashback) at Buydig,https://slickdeals.net/f/15199579-starts-8-4-12at-et-3-pack-google-nest-wi-fi-ac1200-wireless-dual-band-gigabit-mesh-wi-fi-router-150-free-s-h-less-w-sd-cashback-at-buydig,BuyDig,$150
"Acer B314-1HT-C7C0 Chromebook [Intel Celeron N4000 1.10 GHz, 14.0"" screen] for $219.99 w/ FS",https://slickdeals.net/f/15200416-acer-b314-1ht-c7c0-chromebook-intel-celeron-n4000-1-10-ghz-14-0-screen-for-219-99-w-fs,Newegg,$219.99
"25"" Dell S2522HG FHD Gaming Monitor, 240Hz, 1ms Response Time, Fast IPS Technology, 16.7 Million Colors $269.99 at Amazon",https://slickdeals.net/f/15200623-25-dell-s2522hg-fhd-gaming-monitor-240hz-1ms-response-time-fast-ips-technology-16-7-million-colors-269-99-at-amazon,Amazon,$269.99
"Pixio PX259 Prime [24.5"", IPS, Full HD/1920 x 1080, 350 cd/m2, 280 Hz] Gaming Monitor for $279.99 w/ FS after Code",https://slickdeals.net/f/15200179-pixio-px259-prime-24-5-ips-full-hd-1920-x-1080-350-cd-m2-280-hz-gaming-monitor-for-279-99-w-fs-after-code,Newegg,$279.99
"HP 15.6"" Laptop: Ryzen 3 3250U, 128GB SSD + 1TB HDD, 4GB DDR4, Win 10 S Mode",https://slickdeals.net/f/15199012-hp-15-laptop-15-6-1080p-ryzen-3-3250u-4gb-ddr4-128gb-ssd-1tb-hdd-win10-in-s-mode-299-f-s,Walmart,$299
"Team T-FORCE VULCAN Z 16GB (2 x 8GB) [DDR4 3600 (PC4 28800), 18-22-22-42] 288-Pin DDR4 SDRAM $74.99",https://slickdeals.net/f/15199930-team-t-force-vulcan-z-16gb-2-x-8gb-ddr4-3600-pc4-28800-18-22-22-42-288-pin-ddr4-sdram-74-99,Newegg,$74.99
"Neo Forza Faye 16GB (2 x 8GB) [DDR4 3600 (PC4 28800), 18-19-19-39] 288-Pin DDR4 SDRAM for $71.99 with Free Shipping",https://slickdeals.net/f/15200134-neo-forza-faye-16gb-2-x-8gb-ddr4-3600-pc4-28800-18-19-19-39-288-pin-ddr4-sdram-for-71-99-with-free-shipping,Newegg,$71.99
"34"" Dell S3422DW 3440x1440 WQHD 4ms 100Hz Curved FreeSync VA Monitor $359.99",https://slickdeals.net/f/15200389-34-dell-s3422dw-3440x1440-wqhd-4ms-100hz-curved-freesync-va-monitor-359-99,Dell Home & Office,$359.99
Cooler Master MasterBox NR600P ATX Mid Tower Case for $109.99 w/ FS after Rebate,https://slickdeals.net/f/15200308-cooler-master-masterbox-nr600p-atx-mid-tower-case-for-109-99-w-fs-after-rebate,Newegg,$109.99
"Acer ED323QUR Abidpx [31.5"", VA, WQHD/2560 x 1440 (2K), 250 cd/m2, 144 Hz] Curved Gaming Monitor for $299.99 w/ FS after Code",https://slickdeals.net/f/15200233-acer-ed323qur-abidpx-31-5-va-wqhd-2560-x-1440-2k-250-cd-m2-144-hz-curved-gaming-monitor-for-299-99-w-fs-after-code,Newegg,$299.99
Cooler Master MasterCase H500 ARGB ATX Mid Tower Case $94.99 with code,https://slickdeals.net/f/15200059-cooler-master-mastercase-h500-argb-atx-mid-tower-case-94-99-with-code,Newegg,$94.99
"MSI G27CQ4 [27"", VA, QHD/2560 x 1440 (2K), 250 cd/m2, 165 Hz] Gaming Monitor $259.99",https://slickdeals.net/f/15199969-msi-g27cq4-27-va-qhd-2560-x-1440-2k-250-cd-m2-165-hz-gaming-monitor-259-99,Newegg,$259.99
"Lenovo Legion 5 17"" Laptop 17.3"" FHD, 5800H, 16GB RAM, 1TB SSD, RTX 3060 Micro Center (in store) $1299.99",https://slickdeals.net/f/15198598-lenovo-legion-5-17-laptop-17-3-fhd-5800h-16gb-ram-1tb-ssd-rtx-3060-micro-center-in-store-1299-99,Micro Center,"$1,299.99"
"Lenovo Yoga 6 2-in-1 Laptop: Ryzen 7 5700U, 13.3"" 1080p, 16GB DDR4, 512GB SSD",https://slickdeals.net/f/15197887-lenovo-yoga-6-2-in-1-13-3-laptop-1080p-amd-ryzen-7-5700u-16gb-ram-512gb-ssd-blue-fabric-cover-699-99,Best Buy,$700
"HP Chromebook 14: 14"" 1080p IPS, Celeron N3350, 4GB LPDDR4, 32GB eMMC, SD Card Reader, Chrome OS @ $219.99 + F/S",https://slickdeals.net/f/15199219-hp-chromebook-14-14-1080p-ips-celeron-n3350-4gb-lpddr4-32gb-emmc-sd-card-reader-chrome-os-219-99-f-s,Amazon,$219.99
"Lenovo Legion Slim 7 Laptop [AMD Ryzen 7 5800H, 15.6"" FHD IPS 165Hz, GeForce RTX 3060 6GB, 16GB, 1TB SSD, Win 10 Home] for $1399.99 + FS",https://slickdeals.net/f/15198607-lenovo-legion-slim-7-laptop-amd-ryzen-7-5800h-15-6-fhd-ips-165hz-geforce-rtx-3060-6gb-16gb-1tb-ssd-win-10-home-for-1399-99-fs,Newegg,"$1,399.99"
EVGA Z20 RGB Optical Mechanical Gaming Keyboard [Clicky] for $74.99 + Free Shipping,https://slickdeals.net/f/15198619-evga-z20-rgb-optical-mechanical-gaming-keyboard-clicky-for-74-99-free-shipping,Newegg,$74.99
MSI - Aegis RS Gaming Desktop - Intel Core i7-11700KF - 16GB Memory - NVIDIA GeForce RTX 3080 - 1TB SSD $2299 at Best Buy,https://slickdeals.net/f/15197641-msi-aegis-rs-gaming-desktop-intel-core-i7-11700kf-16gb-memory-nvidia-geforce-rtx-3080-1tb-ssd-2299-at-best-buy,Best Buy,"$2,299"
2-Pack Monitor Stand Riser with Vented Metal & 14.5 Platform 4 inch Height $10.99,https://slickdeals.net/f/15198661-2-pack-monitor-stand-riser-with-vented-metal-14-5-platform-4-inch-height-10-99,Walmart,$10.99
128GB SanDisk Ultra Dual Drive Go USB Type-C / USB Flash Drive,https://slickdeals.net/f/15196864-128gb-sandisk-ultra-dual-drive-go-usb-type-c-usb-flash-drive-20-free-shipping,eBay,$20
Epomaker  AKKO Sakura 87 Keys RGB Wired Mechanical Keyboard - $87.2 + Free Shipping,https://slickdeals.net/f/15198211-epomaker-akko-sakura-87-keys-rgb-wired-mechanical-keyboard-87-2-free-shipping,Amazon,
Razer Back to School Bundles (Multiple options) + FS,https://slickdeals.net/f/15197770-razer-back-to-school-bundles-multiple-options-fs,Razer,"$1,599.99"
"Gigabyte Aero 15 OLED XD Gaming Laptop: i7 11800H, 4K, 1TB NVMe SSD, RTX 3070",https://slickdeals.net/f/15196636-gigabyte-aero-15-oled-xd-15-6-4k-oled-i7-11800h-rtx-3070-16gb-ddr4-1tb-gen-4-nvme-ssd-thunderbolt-4-win10-pro-1699-ar-f-s,Newegg,$1699
The All-Access CompTIA A+ & Network Certification Prep Bundle (Lifetime Access) $18,https://slickdeals.net/f/15198175-the-all-access-comptia-a-network-certification-prep-bundle-lifetime-access-18,StackSocial,$18
AMD Ryzen 9 5900x 12 core $539 AC newegg shellshocker,https://slickdeals.net/f/15196978-amd-ryzen-9-5900x-12-core-539-ac-newegg-shellshocker,Newegg,$549
"Samsung Galaxy Book Pro i5 , 13"", 256GB + Free Buds Pro $637.49",https://slickdeals.net/f/15196855-samsung-galaxy-book-pro-i5-13-256gb-free-buds-pro-637-49,Samsung,
"HP 15z-ef2000 Laptop: Ryzen 7 5700U, 15.6"" IPS, 16GB DDR4, 256GB SSD",https://slickdeals.net/f/15195685-hp-15z-ef2000-laptop-ryzen-7-5700u-15-6-ips-16gb-ddr4-256gb-ssd-590-free-shipping,HP,$590
Razer Viper Mini wired gaming mouse $11.99 at Target YMMV B&M,https://slickdeals.net/f/15196558-razer-viper-mini-wired-gaming-mouse-11-99-at-target-ymmv-b-m,Target,$11.99
"HP Pavilion Aero 13: 13.3"" QHD+ IPS, Ryzen 7 5800U, 16GB DDR4, 512GB PCIe SSD, Win10H @ $987.99 or less",https://slickdeals.net/f/15195709-hp-pavilion-aero-13-13-3-qhd-ips-ryzen-7-5800u-16gb-ddr4-512gb-pcie-ssd-win10h-987-99-or-less,HP,$987.99
Western Digital 2TB WD Blue SN550 NVMe Internal SSD $199.99,https://slickdeals.net/f/15195874-western-digital-2tb-wd-blue-sn550-nvme-internal-ssd-199-99,Amazon,$199.99
"27"" Gigabyte M27Q 2560x1440 170Hz 0.5ms IPS FreeSync Monitor $297.11 + Free Shipping - @Amazon",https://slickdeals.net/f/15196408-27-gigabyte-m27q-2560x1440-170hz-0-5ms-ips-freesync-monitor-297-11-free-shipping-amazon,Amazon,$297.11
Razer Kiyo Webcam $29.99 at Target YMMV,https://slickdeals.net/f/15196510-razer-kiyo-webcam-29-99-at-target-ymmv,Target,$29.99
Logitech G502 HERO Wired Optical Mouse w/ RGB Lighting,https://slickdeals.net/f/15195199-logitech-g502-hero-high-performance-wired-gaming-mouse-38-at-amazon,Amazon,$38
USB-C 65W Laptop/phone/pad Charger with PD (Power Delivery) onn $2 more or less in BM Walmart YMMV,https://slickdeals.net/f/15196375-usb-c-65w-laptop-phone-pad-charger-with-pd-power-delivery-onn-2-more-or-less-in-bm-walmart-ymmv,Walmart,$2
NETGEAR R6120-100NAR AC1200 Dual Band WiFi Router – Refurbished - $29.99 & Free Shipping,https://slickdeals.net/f/15196321-netgear-r6120-100nar-ac1200-dual-band-wifi-router-refurbished-29-99-free-shipping,Deal Parade,$29.99
"Amazon Warehouse: 6"" Kindle Paperwhite E-reader (7th Gen): Used - Good",https://slickdeals.net/f/15195214-amazon-warehouse-6-kindle-paperwhite-e-reader-7th-gen-used-good-45-more-free-shipping,Amazon,$45
pCloud Premium Plus Cloud Storage: 1-Yr Subscription - $29.99,https://slickdeals.net/f/15195865-pcloud-premium-plus-cloud-storage-1-yr-subscription-29-99,StackSocial,$29.99
"650W Thermaltake Smart Pro RGB 80+ Bronze Fully Modular Power Supply $40, 750w $50. 850w $55 @ Amazon w/ free shipping",https://slickdeals.net/f/15195601-650w-thermaltake-smart-pro-rgb-80-bronze-fully-modular-power-supply-40-750w-50-850w-55-amazon-w-free-shipping,Amazon,$40
"Fujitsu IX500 PA03656-0001 (replacement part). Also for IX1400, IX1500, and IX1600. $36.69",https://slickdeals.net/f/15195568-fujitsu-ix500-pa03656-0001-replacement-part-also-for-ix1400-ix1500-and-ix1600-36-69,Amazon,$36.69
"128GB Lenovo Tab P11 Pro Tablet: 11.5"" 2560x1600, Snapdragon 730G, 4GB RAM",https://slickdeals.net/f/15194539-lenovo-tab-p11-pro-tablet-11-5-touch-350-nits-4gb-128gb-android-10-310-00,eBay,$310
"64GB Lenovo Yoga Smart Tab 10.1"" Android Tablet w/ Google Assistant",https://slickdeals.net/f/15194254-lenovo-yoga-smart-tablet-10-1-fhd-ips-touch-4gb-64gb-with-google-assistant-162-99,eBay,$160
Brother Refurbished HL-L2370DW Wireless Monochrome Laser Printer @ Staples for $89.99,https://slickdeals.net/f/15195106-brother-refurbished-hl-l2370dw-wireless-monochrome-laser-printer-staples-for-89-99,Staples,$89.99
"HP ENVY 13.3"" Touchscreen Intel Evo Platform Laptop - 11th Gen Intel Core i7-1165G7 - 1080p - $899",https://slickdeals.net/f/15194359-hp-envy-13-3-touchscreen-intel-evo-platform-laptop-11th-gen-intel-core-i7-1165g7-1080p-899,Costco Wholesale,$899
"Students/Teachers/Military/Seniors: Lenovo Thinkpad C13 Chromebook 13"" Ryzen 7 3700C 16GB, 256GB SSD $602.91",https://slickdeals.net/f/15194458-students-teachers-military-seniors-lenovo-thinkpad-c13-chromebook-13-ryzen-7-3700c-16gb-256gb-ssd-602-91,Lenovo,$602.91
Samsung Odyssey Neo G9 - Pre-order and get a free JBL Quantum One Headset $2499.99 at Amazon,https://slickdeals.net/f/15192529-samsung-odyssey-neo-g9-pre-order-and-get-a-free-jbl-quantum-one-headset-2499-99-at-amazon,Amazon,"$2,499.99"
Razer Cynosa Chroma Gaming Keyboard $39.99 + Free shipping,https://slickdeals.net/f/15194215-razer-cynosa-chroma-gaming-keyboard-39-99-free-shipping,,$39.99
32GB (2x 16) OLOy Blade RGB DDR4 3200 Desktop RAM kit @Newegg $140,https://slickdeals.net/f/15194191-32gb-2x-16-oloy-blade-rgb-ddr4-3200-desktop-ram-kit-newegg-140,Newegg,$140
Lifetime Subscriptions: KeepSolid VPN Unlimited (5 Devices) + Sticky Password $21 with Code,https://slickdeals.net/f/15193330-lifetime-subscriptions-keepsolid-vpn-unlimited-5-devices-sticky-password-21-with-code,StackSocial,$21
Gigabyte Z390 UD ATX LGA1151 Intel Motherboard $99.99 + FS,https://slickdeals.net/f/15193891-gigabyte-z390-ud-atx-lga1151-intel-motherboard-99-99-fs,Newegg,$99.99
11 Gen Intel Core i7 11700k $320 in store only at MicroCenter,https://slickdeals.net/f/15193864-11-gen-intel-core-i7-11700k-320-in-store-only-at-microcenter,Micro Center,$319.99
Panduit Label Printers MP100 or MP300 free with trade-ins $400 MSRP very YMMV,https://slickdeals.net/f/15192622-panduit-label-printers-mp100-or-mp300-free-with-trade-ins-400-msrp-very-ymmv,,$35
"LG Gram 17"" 32GB 1TB $1650 @ Costco",https://slickdeals.net/f/15193450-lg-gram-17-32gb-1tb-1650-costco,Costco Wholesale,"$1,650"
13.3” Wacom One Digital Drawing Tablet (Flint White),https://slickdeals.net/f/15191731-wacom-one-13-3-1920x1080-creative-pen-display-graphics-tablet-300-free-s-h-at-adorama,Adorama,$300
i7-10700k Comet Lake $249.99,https://slickdeals.net/f/15193033-i7-10700k-comet-lake-249-99,Micro Center,$249.99
"Acer XV240Y Pbmiiprx 23.8"" 1920x1080 165 Hz Monitor for $179.99 with Free Shipping",https://slickdeals.net/f/15192952-acer-xv240y-pbmiiprx-23-8-1920x1080-165-hz-monitor-for-179-99-with-free-shipping,Newegg,$179.99
"Costco Members: Lenovo IdeaPad 3 15.6"" Touch Laptop: Ryzen 5 5500U, 512GB SSD",https://slickdeals.net/f/15190417-costco-members-lenovo-ideapad-3-15-6-touch-laptop-ryzen-5-5500u-512gb-ssd-510,Costco Wholesale,$510
D-Link USB-C 5 in 1 Hub with HDMI for $24.00 + FS with PRIME,https://slickdeals.net/f/15191506-d-link-usb-c-5-in-1-hub-with-hdmi-for-24-00-fs-with-prime,Amazon,$24
"Acer 32"" Class WQHD 2560 x 1440 IPS FreeSync Monitor ET322QU $199.99 @ Costco",https://slickdeals.net/f/15191551-acer-32-class-wqhd-2560-x-1440-ips-freesync-monitor-et322qu-199-99-costco,Costco Wholesale,$199.99
AMD Ryzen 7 3700X Matisse 3.6GHz 8-Core AM4 Boxed Processor with Wraith Prism Cooler - in store only $240,https://slickdeals.net/f/15192037-amd-ryzen-7-3700x-matisse-3-6ghz-8-core-am4-boxed-processor-with-wraith-prism-cooler-in-store-only-240,Micro Center,$240
AMD Ryzen 5 5600X Vermeer 3.7GHz 6-Core - in store only $260 at Microcenter,https://slickdeals.net/f/15191986-amd-ryzen-5-5600x-vermeer-3-7ghz-6-core-in-store-only-260-at-microcenter,Micro Center,$259.99
Geeetech A20 3D FDM Printer $149.99 + FSSS,https://slickdeals.net/f/15191398-geeetech-a20-3d-fdm-printer-149-99-fsss,Walmart,$149.99
"TEAM C188 256GB USB 3.2 Gen 1 Type-A Retractable Flash Drive, up to 130MB/S @ $21.99 + F/S",https://slickdeals.net/f/15192475-team-c188-256gb-usb-3-2-gen-1-type-a-retractable-flash-drive-up-to-130mb-s-21-99-f-s,Newegg,$21.99
"Dell - Inspiron 7000 2-in-1 - 13.3"" UHD Touch Laptop - Intel Evo Platform - Core i7 - 16GB RAM - 512GB SSD+32GB Optane - Pen $1099.98",https://slickdeals.net/f/15192448-dell-inspiron-7000-2-in-1-13-3-uhd-touch-laptop-intel-evo-platform-core-i7-16gb-ram-512gb-ssd-32gb-optane-pen-1099-98,Best Buy,"$1,099.98"
Intel Core i5-11600K Rocket Lake 3.9GHz Six-Core LGA 1200 Boxed Processor - in store only $220,https://slickdeals.net/f/15192031-intel-core-i5-11600k-rocket-lake-3-9ghz-six-core-lga-1200-boxed-processor-in-store-only-220,Micro Center,$220
AMD Ryzen 5 5600X $279.99,https://slickdeals.net/f/15191623-amd-ryzen-5-5600x-279-99,Best Buy,$279.99
$70 off New Kindle Paperwhite or Oasis for owners of early-model Kindles $8.99,https://slickdeals.net/f/15189832-70-off-new-kindle-paperwhite-or-oasis-for-owners-of-early-model-kindles-8-99,Amazon,$8.99
"LG 35"" Class Ultrawide Curved WQHD HDR10 Monitor $399.99",https://slickdeals.net/f/15190321-lg-35-class-ultrawide-curved-wqhd-hdr10-monitor-399-99,Costco Wholesale,$399.99
"Kano PC Celeron N4000 11.6"" Kids' Touch-Screen Laptop & Tablet (2020) $149.99 @Best Buy",https://slickdeals.net/f/15190672-kano-pc-celeron-n4000-11-6-kids-touch-screen-laptop-tablet-2020-149-99-best-buy,Best Buy,$149.99
"Costco: MacBook Pro 13.3"" – Apple M1 Chip 8-core CPU, 8-core GPU – 8GB Memory – 512GB SSD – Space Gray - $1299.99",https://slickdeals.net/f/15190885-costco-macbook-pro-13-3-apple-m1-chip-8-core-cpu-8-core-gpu-8gb-memory-512gb-ssd-space-gray-1299-99,Costco Wholesale,"$1,299.99"
"YMMV Wal-Mart In-Store $54: Acer Chromebook Spin 311 CP311-3H-K3WL Convertible Laptop, MediaTek MT8183C Octa-Core Processor, 11.6"" HD Touchscreen, 4GB LPDDR4X, 32GB eMMC $54",https://slickdeals.net/f/15191782-ymmv-wal-mart-in-store-54-acer-chromebook-spin-311-cp311-3h-k3wl-convertible-laptop-mediatek-mt8183c-octa-core-processor-11-6-hd-touchscreen-4gb-lpddr4x-32gb-emmc-54,Walmart,$54
JGMaker A5S 3D Printer $259,https://slickdeals.net/f/15191680-jgmaker-a5s-3d-printer-259,,$259
"Microsoft - Surface Laptop Go - 12.4"" Touch-Screen - Intel 10th Generation Core i5 - 8GB Memory - 256GB Solid State Drive $749.99",https://slickdeals.net/f/15190660-microsoft-surface-laptop-go-12-4-touch-screen-intel-10th-generation-core-i5-8gb-memory-256gb-solid-state-drive-749-99,Best Buy,$749.99
"Acer Nitro 28"" Class UHD (3840 x 2160) 60Hz IPS Gaming Monitor $259 at Costco",https://slickdeals.net/f/15191092-acer-nitro-28-class-uhd-3840-x-2160-60hz-ips-gaming-monitor-259-at-costco,Costco Wholesale,$259.99
D-Link Wifi Mesh Extender (AC1900) for $62.99 + FS with PRIME,https://slickdeals.net/f/15191587-d-link-wifi-mesh-extender-ac1900-for-62-99-fs-with-prime,Amazon,$62.99
D-Link Wifi AC1750 Mesh Router for $57.99 + FS with PRIME,https://slickdeals.net/f/15191593-d-link-wifi-ac1750-mesh-router-for-57-99-fs-with-prime,Amazon,$57.99
Kingston 256GB DataTraveler 100 G3 Flash Drive - $34.99 + Free Shipping,https://slickdeals.net/f/15190861-kingston-256gb-datatraveler-100-g3-flash-drive-34-99-free-shipping,TigerDirect,$34.99
Creality Ender 3 V2 3D Printer + 1 Year Warranty - Newegg.com $234,https://slickdeals.net/f/15190039-creality-ender-3-v2-3d-printer-1-year-warranty-newegg-com-234,Newegg,$234
"Asus ExpertBook B9450FA 10th Gen i5 14"" Win 10 Pro w/ 8GB RAM & 512GB SSD -  $779.99 + Free Shipping",https://slickdeals.net/f/15190933-asus-expertbook-b9450fa-10th-gen-i5-14-win-10-pro-w-8gb-ram-512gb-ssd-779-99-free-shipping,TigerDirect,$779.99
"Eluktronics Prometheus XVII, QHD 165Hz, AMD Ryzen 7 4800H, RTX 3060 MAX-P GPU , 17.3"" Calibrated Display, Windows 10 Home, 512GB NVMe SSD, 16GB DDR4 w/ Free Shipping $1400",https://slickdeals.net/f/15189610-eluktronics-prometheus-xvii-qhd-165hz-amd-ryzen-7-4800h-rtx-3060-max-p-gpu-17-3-calibrated-display-windows-10-home-512gb-nvme-ssd-16gb-ddr4-w-free-shipping-1400,Amazon,"$1,400"
"Microsoft Surface Duo 8.1"" Dual-Screen Tablet for AT&T: 128GB $399.99 or 256GB $499 AT&T Locked - Glacier with code + Free Shipping",https://slickdeals.net/f/15188800-microsoft-surface-duo-8-1-dual-screen-tablet-for-at-t-128gb-399-99-or-256gb-499-at-t-locked-glacier-with-code-free-shipping,Daily Steals,$399.99
"Microphone Arm Stand Suspension Scissor with Mic Shock Mount, Pop Filter $10.95 + Free Shipping w/ Prime or on $25+",https://slickdeals.net/f/15189397-microphone-arm-stand-suspension-scissor-with-mic-shock-mount-pop-filter-10-95-free-shipping-w-prime-or-on-25,Amazon,$10.95
"$499 Lenovo® IdeaPad 3 Laptop, 15.6"" Screen, AMD Ryzen 7, 8GB Memory, 512GB Solid State Drive, Windows® 10, 81W40019US At Office Depot. Free Ship.",https://slickdeals.net/f/15189847-499-lenovo-ideapad-3-laptop-15-6-screen-amd-ryzen-7-8gb-memory-512gb-solid-state-drive-windows-10-81w40019us-at-office-depot-free-ship,Office Depot and OfficeMax,$499.99
"Lenovo - Yoga C940 2-in-1 14"" Touch-Screen Laptop - Intel Core i7 - 12GB Memory - 512GB Solid State Drive - Iron Gray $909",https://slickdeals.net/f/15190156-lenovo-yoga-c940-2-in-1-14-touch-screen-laptop-intel-core-i7-12gb-memory-512gb-solid-state-drive-iron-gray-909,Best Buy,$909.99
"All new HP Pavilion Aero 13: 13.3"" FHD+ 400 nits, Ryzen 5 5600U, 16GB DDR4, 512GB PCIe SSD @ $869.99 & More",https://slickdeals.net/f/15190069-all-new-hp-pavilion-aero-13-13-3-fhd-400-nits-ryzen-5-5600u-16gb-ddr4-512gb-pcie-ssd-869-99-more,HP,$869.99
D-Link AC1900 Mesh WiFi Router (DIR-L1900-US) for $63.99 + Free Shipping,https://slickdeals.net/f/15189388-d-link-ac1900-mesh-wifi-router-dir-l1900-us-for-63-99-free-shipping,Amazon,$64.99
Cooler Master Hyper 212 EVO 120mm CPU Cooler @Newegg (AR) $25,https://slickdeals.net/f/15189907-cooler-master-hyper-212-evo-120mm-cpu-cooler-newegg-ar-25,Newegg,$25
D-Link Wifi AC1900 Mesh Router (DIR-1950-US) for $67.99 + Free Shipping,https://slickdeals.net/f/15189373-d-link-wifi-ac1900-mesh-router-dir-1950-us-for-67-99-free-shipping,Amazon,$67.99
DEEPCOOL GAMERSTORM CAPTAIN 240PRO V2 240mm Radiator $79.99 + FREE SHIPPING,https://slickdeals.net/f/15189814-deepcool-gamerstorm-captain-240pro-v2-240mm-radiator-79-99-free-shipping,Newegg,$79.99
"EVOO 11.6"" Ultra Thin Notebook, HD Display, Intel Celeron Processor, 64GB Storage, 4GB Memory, Front Camera, HDMI, Windows 10 S, Microsoft 365 Personal 1-Year Included, Blue $129",https://slickdeals.net/f/15189046-evoo-11-6-ultra-thin-notebook-hd-display-intel-celeron-processor-64gb-storage-4gb-memory-front-camera-hdmi-windows-10-s-microsoft-365-personal-1-year-included-blue-129,Walmart,$129
"Netgear Orbi WiFi 6 min 3 pack $269.99, Save $130 + FS",https://slickdeals.net/f/15188953-netgear-orbi-wifi-6-min-3-pack-269-99-save-130-fs,Netgear,$269.99
"Amazon: AMD Ryzen 5 5600X 6-core, 12-Thread Unlocked Desktop Processor with Wraith Stealth Cooler $279.99",https://slickdeals.net/f/15188509-amazon-amd-ryzen-5-5600x-6-core-12-thread-unlocked-desktop-processor-with-wraith-stealth-cooler-279-99,Amazon,$279.99
Super Flower Leadex III 750W 80+ Gold $89.99 Free S&H,https://slickdeals.net/f/15188566-super-flower-leadex-iii-750w-80-gold-89-99-free-s-h,Newegg,$89.99
SAMSUNG 980 SSD 1TB M.2 NVMe Solid State Drive At Amazon $109.99 + Free shipping,https://slickdeals.net/f/15187756-samsung-980-ssd-1tb-m-2-nvme-solid-state-drive-at-amazon-109-99-free-shipping,Amazon,$109.99
MSI GF65 Thin 9SEXR-839 Gaming Laptop for $799 w/ Free Shipping after Mail-in Rebate,https://slickdeals.net/f/15189142-msi-gf65-thin-9sexr-839-gaming-laptop-for-799-w-free-shipping-after-mail-in-rebate,Newegg,$799
Amazon Treasure Truck YMMV DjI Mavic Mini (1st gen) fly more combo $359 - $359,https://slickdeals.net/f/15188452-amazon-treasure-truck-ymmv-dji-mavic-mini-1st-gen-fly-more-combo-359-359,Amazon,$359
Pixio PX277 Prime | 27 inch 1440p 165Hz HDR 1ms IPS Gaming Monitor for $264.99 w/ Free Shipping after Code,https://slickdeals.net/f/15187777-pixio-px277-prime-27-inch-1440p-165hz-hdr-1ms-ips-gaming-monitor-for-264-99-w-free-shipping-after-code,Newegg,$264.99
Google WIFI AC1200 Smart Mesh Wi-Fi 4 pack - COSTCO Starts 8/4/2021 $179.99 In Store,https://slickdeals.net/f/15187141-google-wifi-ac1200-smart-mesh-wi-fi-4-pack-costco-starts-8-4-2021-179-99-in-store,Costco Wholesale,$179.99
32GB (2x 16) G.SKILL Ripjaws V Series DDR4 3600 Desktop RAM kit @Newegg $145,https://slickdeals.net/f/15187753-32gb-2x-16-g-skill-ripjaws-v-series-ddr4-3600-desktop-ram-kit-newegg-145,Newegg,$145
"GIGABYTE G27QCA 27"" Curved Gaming Monitor for $259.99 + Free Shipping",https://slickdeals.net/f/15186967-gigabyte-g27qca-27-curved-gaming-monitor-for-259-99-free-shipping,Newegg,$269.99
MSI GF65 Thin 10UE-092 RTX 3060 144 Hz IPS Gaming Laptop (Plus MSI 2021 Loot Box Pack 4in1 ) for $1099 w/ FS after MIR $1199,https://slickdeals.net/f/15187129-msi-gf65-thin-10ue-092-rtx-3060-144-hz-ips-gaming-laptop-plus-msi-2021-loot-box-pack-4in1-for-1099-w-fs-after-mir-1199,Newegg,"$1,099"
"Verizon Accessories Sale: Buy 5, Get 50% Off: TYLT Power Bottle",https://slickdeals.net/f/15185989-verizon-com-50-off-5-reg-priced-accessories-logitech-mx-master-3-advanced-wireless-mouse-50-logitech-mx-keys-advanced-wireless-illuminated-keyboard-50-more-free-ship,Verizon,$25
"HP 14 14"" Chromebook Intel Celeron N3350 4GB RAM 32GB eMMC Snow White $159",https://slickdeals.net/f/15187819-hp-14-14-chromebook-intel-celeron-n3350-4gb-ram-32gb-emmc-snow-white-159,Walmart,$159
AsRock Z390 Pro4 LGA 1151 (300 Series) AT Intel Motherboard for $104.99 w/ Free Shipping,https://slickdeals.net/f/15187225-asrock-z390-pro4-lga-1151-300-series-at-intel-motherboard-for-104-99-w-free-shipping,Newegg,$104.99
"Samsung EDU: 15.6"" Galaxy Book Pro I7 16GB + Galaxy Buds Pro $919",https://slickdeals.net/f/15186619-samsung-edu-15-6-galaxy-book-pro-i7-16gb-galaxy-buds-pro-919,Samsung,$919
"ASUS ZenBook 14 Ultra-Slim Laptop 14"" Full HD NanoEdge Bezel Display, AMD Ryzen 5 5500U CPU, Radeon Graphics, 8GB RAM, 512GB PCIe SSD $699.99 + Free Shipping at Newegg",https://slickdeals.net/f/15186721-asus-zenbook-14-ultra-slim-laptop-14-full-hd-nanoedge-bezel-display-amd-ryzen-5-5500u-cpu-radeon-graphics-8gb-ram-512gb-pcie-ssd-699-99-free-shipping-at-newegg,Newegg,$699.99
MSI Pulse GL66 11UEK-034 RTX 3060 Gaming Laptop (Plus MSI 2021 Loot Box Pack 4in1 and more ) for $1349 w/ FS after MIR,https://slickdeals.net/f/15186778-msi-pulse-gl66-11uek-034-rtx-3060-gaming-laptop-plus-msi-2021-loot-box-pack-4in1-and-more-for-1349-w-fs-after-mir,Newegg,"$1,349"
1TB Samsung 980 M.2 2280  Internal Solid State Drive,https://slickdeals.net/f/15185848-1tb-samsung-980-m-2-2280-internal-solid-state-drive-110-free-shipping,B&H Photo Video,$110
Amada Adjustable Webcam Stand with Phone Holder for $10.85 + Free Shipping w/ Prime or orders $25+,https://slickdeals.net/f/15185575-amada-adjustable-webcam-stand-with-phone-holder-for-10-85-free-shipping-w-prime-or-orders-25,Amazon,$10.84
Verbatim USB-C Store 'n' Go Dual USB Flash Drive 32 GB $8,https://slickdeals.net/f/15186565-verbatim-usb-c-store-n-go-dual-usb-flash-drive-32-gb-8,Amazon,$7.99
"EVGA 750 B5, 80 Plus BRONZE 750W, Power Supply $69.99 + Free Shipping at Newegg",https://slickdeals.net/f/15187051-evga-750-b5-80-plus-bronze-750w-power-supply-69-99-free-shipping-at-newegg,Newegg,$69.99
Lenovo M120 Pro Wireless Mouse$14.99 on walmart,https://slickdeals.net/f/15186781-lenovo-m120-pro-wireless-mouse-14-99-on-walmart,Walmart,$14.99
Thermaltake UX210 Intel/AMD Universal CPU Cooler / Heatsink for $29.99 w/ FS after Code and MIR,https://slickdeals.net/f/15186736-thermaltake-ux210-intel-amd-universal-cpu-cooler-heatsink-for-29-99-w-fs-after-code-and-mir,Newegg,$29.99
Creality 3D High Precision Ender-5 Pro 3D Printer DIY Kit for $345.99 w/ FS,https://slickdeals.net/f/15186685-creality-3d-high-precision-ender-5-pro-3d-printer-diy-kit-for-345-99-w-fs,Newegg,$345.99
"$499 Lenovo® IdeaPad 3i Laptop, 15.6"" Screen, Intel® Core™ i5, 8GB Memory, 256GB Solid State Drive, Wi-Fi 6, Windows® 10. Free Ship.",https://slickdeals.net/f/15185824-499-lenovo-ideapad-3i-laptop-15-6-screen-intel-core-i5-8gb-memory-256gb-solid-state-drive-wi-fi-6-windows-10-free-ship,Office Depot and OfficeMax,$499.99
"LG 34"" Class UltraWide WQHD HDR10 IPS Monitor $379.99 + free shipping",https://slickdeals.net/f/15184504-lg-34-class-ultrawide-wqhd-hdr10-ips-monitor-379-99-free-shipping,Costco Wholesale,$379.99
TP-Link Deco M9 (3 pack) $159.99,https://slickdeals.net/f/15184429-tp-link-deco-m9-3-pack-159-99,Costco Wholesale,$159.99
"LG gram 15.6"" Laptop $799.99 11th Gen Intel Core i5-1135G7� 16GB RAM 512GB NVME SSD Costco $799.99",https://slickdeals.net/f/15183655-lg-gram-15-6-laptop-799-99-11th-gen-intel-core-i5-1135g7-16gb-ram-512gb-nvme-ssd-costco-799-99,Costco Wholesale,$799.99
