title,rating,price
5 x Authentic Geekvape Zeus Sub-Ohm Mesh Coil Z0.2 0.2ohm Ka1,(52),
5 x Authentic Geekvape Zeus Sub-Ohm Mesh Coil Z0.4 0.4ohm Ka1,(39),
5 x Authentic Geekvape Zeus Sub-Ohm Mesh Coil Z0.4 0.4ohm Ka1,(120),
Authentic Geekvape L200 Aegis Legend 2 MOD - Silver,(1),
Authentic Geekvape Zeus Sub-ohm Tank Atomizer 5ml - Gunmetal,(33),
Authentic Geekvape Zeus Sub-ohm Tank Atomizer 5ml - Black,(92),$17.56
Authentic Geekvape Zeus Sub-ohm Tank Atomizer 5ml - Gunmetal,(69),$19.63
Authentic Geekvape L200 Aegis Legend 2 MOD - Silver,(5),
Authentic Geekvape L200 Aegis Legend 2 MOD - Classic Black,(2),
Authentic Geekvape L200 Aegis Legend 2 MOD - Black,(2),
5 x Authentic Geekvape P Series Coil KA1 0.2ohm,(0),$7.98
5 x Authentic Geekvape Aegis Boost Coil GC-65 GV 0.6ohm,(53),
Authentic Geekvape Aegis X 200W TC Box Mod - Stealth Black,(33),
Authentic Geekvape L200 Aegis Legend 2 Kit - Navy Blue,(0),$47.88
5 x Authentic Geekvape Aegis Boost Coil GC-71 GV 0.4ohm,(45),$8.62
Authentic Geekvape L200 Aegis Legend 2 MOD - Rainbow,(3),$40.42
5 x Authentic Geekvape Aegis Pod Replacement Mesh Coils 0.6ohm,(13),$7.62
Authentic Geekvape Aegis Solo 100W TC Box Mod - Black,(122),$32.76
Authentic Geekvape L200 Aegis Legend 2 Kit - Classic Black,(0),
Authentic Geekvape Wenax Stylus Pod Starter Kit - Granite Grey,(0),
Authentic GeekVape Zeus X RTA 4.5ml 25MM - Gunmetal,(124),$24.74
Authentic Geekvape Zeus Sub-ohm Tank Atomizer 5ml - Blue,(29),$19.63
Authentic Geekvape L200 Aegis Legend 2 Kit - Rainbow,(1),
Authentic Geekvape Feather Organic Cotton 20pcs,(48),
